,date,tournament,home_team,away_team,home_team_rating,away_team_rating,home_goals,away_goals,home_team_rating_change,away_team_rating_change,home_team_new_rating,away_team_new_rating,home_team_rank,away_team_rank,home_team_rank_change,away_team_rank_change,home_team_new_rank,away_team_new_rank,k,hadv,rdiff
0,Jan 4 2002,Friendly tournament in Bahrain,Bahrain,Finland,1515,1716,0,2,-16,16,1499,1732,86,30,-5,4,81,34,30,100,-101
1,Jan 4 2002,Friendly in Egypt,Egypt,Ghana,1648,1522,2,0,6,-6,1654,1516,46,76,2,-1,48,75,20,100,226
2,Jan 4 2002,Friendly tournament in Martinique,Martinique,Guadeloupe,1402,1292,1,3,-35,35,1367,1327,123,117,-8,8,115,125,30,100,210
3,Jan 5 2002,Friendly tournament in Bahrain,Albania,Macedonia,1470,1445,0,0,-1,1,1469,1446,87,92,-1,1,86,93,20,0,25
4,Jan 5 2002,Friendly in Kuwait,Kuwait,Zimbabwe,1554,1508,3,0,11,-11,1565,1497,63,86,1,-4,64,82,20,100,146
5,Jan 6 2002,Friendly in Cuba,Cuba,Guatemala,1448,1577,0,1,-9,9,1439,1586,98,58,-3,1,95,59,20,100,-29
6,Jan 6 2002,Friendly in Egypt,Egypt,Mali,1654,1412,1,2,-18,18,1636,1430,52,91,-2,6,50,97,20,100,342
7,Jan 6 2002,Friendly tournament in Martinique,Martinique,Haiti,1367,1464,3,3,0,0,1367,1464,115,89,0,0,115,89,20,100,3
8,Jan 7 2002,Friendly tournament in Bahrain,Albania,Finland,1469,1732,1,1,10,-10,1479,1722,84,42,1,-4,85,38,30,0,-263
9,Jan 7 2002,Friendly tournament in Bahrain,Bahrain,Macedonia,1499,1446,1,1,-6,6,1493,1452,84,88,-2,2,82,90,30,100,153
10,Jan 7 2002,Friendly in Burkina Faso,Burkina Faso,Cameroon,1408,1716,1,3,-7,7,1401,1723,106,35,0,2,106,37,20,100,-208
11,Jan 8 2002,Friendly in Oman,Iceland,Kuwait,1606,1565,0,0,-1,1,1605,1566,54,62,0,1,54,63,20,0,41
12,Jan 8 2002,Friendly in Qatar,Qatar,Zimbabwe,1568,1497,0,2,-22,22,1546,1519,69,67,-3,7,66,74,20,100,171
13,Jan 9 2002,Friendly in Cuba,Cuba,Guatemala,1439,1586,0,0,1,-1,1440,1585,95,61,0,-1,95,60,20,100,-47
14,Jan 10 2002,Friendly tournament in Bahrain,Bahrain,Albania,1493,1479,3,0,18,-18,1511,1461,74,93,4,-4,78,89,30,100,114
15,Jan 10 2002,Friendly tournament in Bahrain,Finland,Macedonia,1722,1452,3,0,9,-9,1731,1443,32,96,3,-3,35,93,30,0,270
16,Jan 10 2002,Friendly in Mali,Mali,Zambia,1430,1501,1,1,-1,1,1429,1502,99,82,-1,-1,98,81,20,100,29
17,Jan 10 2002,Friendly in Saudi Arabia,Saudi Arabia,Iceland,1699,1605,1,0,5,-5,1704,1600,40,54,0,0,40,54,20,100,194
18,Jan 11 2002,Friendly in Egypt,Egypt,Burkina Faso,1636,1401,2,2,-7,7,1629,1408,52,106,-1,0,51,106,20,100,335
19,Jan 11 2002,Friendly in Grenada,Grenada,Trinidad and Tobago,1307,1572,2,3,-6,6,1301,1578,131,61,0,0,131,61,20,100,-165
20,Jan 11 2002,Friendly in Qatar,Iraq,Oman,1533,1428,2,0,11,-11,1544,1417,66,105,2,-3,68,102,20,0,105
21,Jan 11 2002,Friendly in Tunisia,Tunisia,Cameroon,1688,1723,0,1,-12,12,1676,1735,45,26,-1,6,44,32,20,100,65
22,Jan 12 2002,Friendly in Ecuador,Ecuador,Guatemala,1733,1585,1,0,4,-4,1737,1581,30,60,2,0,32,60,20,100,248
23,Jan 12 2002,Friendly in Ivory Coast,Ivory Coast,Nigeria,1618,1722,1,1,0,0,1618,1722,53,39,0,0,53,39,20,100,-4
24,Jan 13 2002,Friendly in Morocco,Morocco,Guinea,1649,1493,2,1,4,-4,1653,1489,49,83,0,0,49,83,20,100,256
25,Jan 13 2002,Friendly in Qatar,Qatar,Iraq,1546,1544,1,3,-19,19,1527,1563,76,60,-5,4,71,64,20,100,102
26,Jan 14 2002,Friendly in Algeria,Algeria,Benin,1525,1246,4,0,4,-4,1529,1242,70,153,1,-4,71,149,20,100,379
27,Jan 15 2002,Friendly in Burkina Faso,Burkina Faso,Zambia,1408,1502,2,1,10,-10,1418,1492,98,83,4,-1,102,82,20,100,6
28,Jan 15 2002,Friendly in South Africa,South Africa,Angola,1631,1539,1,0,5,-5,1636,1534,50,68,0,0,50,68,20,100,192
29,Jan 16 2002,Friendly in The Gambia,Gambia,Morocco,1335,1653,0,2,-7,7,1328,1660,126,45,-2,2,124,47,20,100,-218
30,Jan 16 2002,Gulf Cup in Saudi Arabia,Saudi Arabia,Kuwait,1704,1566,1,1,-12,12,1692,1578,44,59,-2,2,42,61,40,100,238
31,Jan 17 2002,Gulf Cup in Saudi Arabia,Qatar,Bahrain,1527,1511,1,0,19,-19,1546,1492,62,84,5,-3,67,81,40,0,16
32,Jan 17 2002,Gulf Cup in Saudi Arabia,United Arab Emirates,Oman,1470,1417,1,0,17,-17,1487,1400,85,109,0,-3,85,106,40,0,53
33,Jan 18 2002,CONCACAF Championship in the United States,Canada,Haiti,1589,1464,2,0,25,-25,1614,1439,50,102,4,-7,54,95,50,0,125
34,Jan 18 2002,CONCACAF Championship in the United States,Costa Rica,Martinique,1774,1367,2,0,7,-7,1781,1360,26,115,0,0,26,115,50,0,407
35,Jan 19 2002,African Nations Cup in Mali,Mali,Liberia,1429,1518,1,1,-1,1,1428,1519,100,73,-1,1,99,74,40,100,11
36,Jan 19 2002,CONCACAF Championship in the United States,Mexico,El Salvador,1808,1488,1,0,7,-7,1815,1481,20,86,1,-1,21,85,50,0,320
37,Jan 19 2002,Gulf Cup in Saudi Arabia,Oman,Kuwait,1400,1578,3,1,44,-44,1444,1534,78,75,14,-7,92,68,40,0,-178
38,Jan 19 2002,Friendly in Saint Kitts and Nevis,Saint Kitts and Nevis,Grenada,1333,1301,1,1,-4,4,1329,1305,124,131,-1,0,123,131,20,100,132
39,Jan 19 2002,CONCACAF Championship in the United States,United States,South Korea,1752,1802,2,1,21,-21,1773,1781,25,27,2,-2,27,25,50,100,50
40,Jan 20 2002,Friendly in Antigua and Barbuda,Antigua and Barbuda,Dominica,1104,1055,4,0,11,-11,1115,1044,166,185,4,-2,170,183,20,100,149
41,Jan 20 2002,African Nations Cup in Mali,Burkina Faso,South Africa,1418,1636,0,0,14,-14,1432,1622,93,52,5,-1,98,51,50,0,-218
42,Jan 20 2002,African Nations Cup in Mali,Cameroon,DR Congo,1735,1430,1,0,7,-7,1742,1423,31,104,1,-3,32,101,50,0,305
43,Jan 20 2002,CONCACAF Championship in the United States,Costa Rica,Trinidad and Tobago,1781,1578,1,1,-13,13,1768,1591,29,59,-2,1,27,60,50,0,203
44,Jan 20 2002,CONCACAF Championship in the United States,Haiti,Ecuador,1439,1737,2,0,64,-64,1503,1673,64,56,16,-12,80,44,50,0,-298
45,Jan 20 2002,Gulf Cup in Saudi Arabia,Qatar,United Arab Emirates,1546,1487,2,0,25,-25,1571,1462,58,92,4,-4,62,88,40,0,59
46,Jan 20 2002,Gulf Cup in Saudi Arabia,Saudi Arabia,Bahrain,1692,1492,3,1,9,-9,1701,1483,36,87,3,-3,39,84,40,100,300
47,Jan 20 2002,African Nations Cup in Mali,Senegal,Egypt,1586,1629,1,0,28,-28,1614,1601,47,59,6,-4,53,55,50,0,-43
48,Jan 21 2002,African Nations Cup in Mali,Ghana,Morocco,1516,1660,0,0,10,-10,1526,1650,68,51,4,-2,72,49,50,0,-144
49,Jan 21 2002,African Nations Cup in Mali,Ivory Coast,Togo,1618,1514,0,0,-7,7,1611,1521,56,71,-2,3,54,74,50,0,104
50,Jan 21 2002,CONCACAF Championship in the United States,Mexico,Guatemala,1815,1581,3,1,15,-15,1830,1566,17,65,2,-2,19,63,50,0,234
51,Jan 21 2002,African Nations Cup in Mali,Nigeria,Algeria,1722,1529,1,0,12,-12,1734,1517,28,82,5,-5,33,77,50,0,193
52,Jan 21 2002,African Nations Cup in Mali,Tunisia,Zambia,1676,1492,0,0,-12,12,1664,1504,49,78,-3,2,46,80,50,0,184
53,Jan 21 2002,CONCACAF Championship in the United States,United States,Cuba,1773,1440,1,0,4,-4,1777,1436,26,96,0,0,26,96,30,0,333
54,Jan 22 2002,Gulf Cup in Saudi Arabia,Bahrain,Kuwait,1483,1534,0,0,3,-3,1486,1531,84,72,0,-2,84,70,40,0,-51
55,Jan 22 2002,CONCACAF Championship in the United States,Ecuador,Canada,1673,1614,2,0,31,-31,1704,1583,35,66,4,-7,39,59,50,0,59
56,Jan 22 2002,CONCACAF Championship in the United States,Martinique,Trinidad and Tobago,1360,1591,1,0,40,-40,1400,1551,99,72,8,-6,107,66,50,0,-231
57,Jan 23 2002,CONCACAF Championship in the United States,Cuba,South Korea,1436,1781,0,0,19,-19,1455,1762,84,29,6,-2,90,27,50,0,-345
58,Jan 23 2002,CONCACAF Championship in the United States,El Salvador,Guatemala,1481,1566,1,0,31,-31,1512,1535,71,72,7,-5,78,67,50,0,-85
59,Jan 24 2002,African Nations Cup in Mali,Ghana,South Africa,1526,1622,0,0,7,-7,1533,1615,68,51,2,0,70,51,50,0,-96
60,Jan 24 2002,African Nations Cup in Mali,Mali,Nigeria,1428,1734,0,0,13,-13,1441,1721,93,43,3,-5,96,38,50,100,-206
61,Jan 24 2002,Gulf Cup in Saudi Arabia,Qatar,Oman,1571,1444,2,1,13,-13,1584,1431,58,104,1,-5,59,99,40,0,127
62,Jan 24 2002,Gulf Cup in Saudi Arabia,Saudi Arabia,United Arab Emirates,1701,1462,1,0,5,-5,1706,1457,38,90,1,-1,39,89,40,100,339
63,Jan 25 2002,African Nations Cup in Mali,Algeria,Liberia,1517,1519,2,2,0,0,1517,1519,77,75,0,0,77,75,20,0,-2
64,Jan 25 2002,African Nations Cup in Mali,Cameroon,Ivory Coast,1742,1611,1,0,16,-16,1758,1595,24,61,4,-4,28,57,50,0,131
65,Jan 25 2002,African Nations Cup in Mali,Egypt,Tunisia,1601,1664,1,0,29,-29,1630,1635,46,52,4,-3,50,49,50,0,-63
66,Jan 25 2002,Leeward Islands Champ in Antigua and Barbuda,Saint Kitts,Saint Martin,1329,1098,3,0,11,-11,1340,1087,121,177,1,0,122,177,30,0,231
67,Jan 26 2002,Leeward Islands Champ in Antigua and Barbuda,Antigua and Barbuda,Saint Kitts,1115,1340,1,2,-10,10,1105,1350,178,114,-4,4,174,118,30,100,-125
68,Jan 26 2002,CONCACAF Championship in the United States,Canada,Martinique,1583,1400,1,1,-12,12,1571,1412,60,103,0,2,60,105,50,0,183
69,Jan 26 2002,CONCACAF Championship in the United States,Costa Rica,Haiti,1768,1503,2,1,9,-9,1777,1494,24,82,1,0,25,82,50,0,265
70,Jan 26 2002,African Nations Cup in Mali,DR Congo,Togo,1423,1521,0,0,7,-7,1430,1514,97,78,2,-2,99,76,50,0,-98
71,Jan 26 2002,African Nations Cup in Mali,Morocco,Burkina Faso,1650,1432,2,1,11,-11,1661,1421,44,108,2,-5,46,103,50,0,218
72,Jan 26 2002,Gulf Cup in Saudi Arabia,Qatar,Kuwait,1584,1531,1,0,17,-17,1601,1514,49,81,5,-5,54,76,40,0,53
73,Jan 26 2002,African Nations Cup in Mali,Senegal,Zambia,1614,1504,1,0,17,-17,1631,1487,47,87,3,-3,50,84,50,0,110
74,Jan 27 2002,Gulf Cup in Saudi Arabia,Bahrain,United Arab Emirates,1486,1457,2,1,18,-18,1504,1439,75,103,5,-7,80,96,40,0,29
75,Jan 27 2002,CONCACAF Championship in the United States,Mexico,South Korea,1830,1762,0,0,-5,5,1825,1767,21,27,-1,0,20,27,50,0,68
76,Jan 27 2002,Gulf Cup in Saudi Arabia,Saudi Arabia,Oman,1706,1431,2,0,6,-6,1712,1425,39,100,0,-1,39,99,40,100,375
77,Jan 27 2002,CONCACAF Championship in the United States,United States,El Salvador,1777,1512,4,0,10,-10,1787,1502,25,84,0,-3,25,81,30,0,265
78,Jan 28 2002,African Nations Cup in Mali,Mali,Algeria,1441,1517,2,0,35,-35,1476,1482,77,95,9,-10,86,85,50,100,24
79,Jan 28 2002,African Nations Cup in Mali,Nigeria,Liberia,1721,1519,1,0,12,-12,1733,1507,30,81,4,-4,34,77,50,0,202
80,Jan 29 2002,Gulf Cup in Saudi Arabia,Bahrain,Oman,1504,1425,1,1,-4,4,1500,1429,79,97,0,1,79,98,40,0,79
81,Jan 29 2002,African Nations Cup in Mali,Cameroon,Togo,1758,1514,3,0,17,-17,1775,1497,26,88,1,-7,27,81,50,0,244
82,Jan 29 2002,African Nations Cup in Mali,DR Congo,Ivory Coast,1430,1595,3,1,54,-54,1484,1541,72,74,13,-8,85,66,50,0,-165
83,Jan 29 2002,Gulf Cup in Saudi Arabia,Kuwait,United Arab Emirates,1514,1439,2,1,16,-16,1530,1423,70,104,2,-4,72,100,40,0,75
84,Jan 30 2002,CONCACAF Championship in the United States,Costa Rica,South Korea,1777,1767,3,1,36,-36,1813,1731,20,42,3,-7,23,35,50,0,10
85,Jan 30 2002,African Nations Cup in Mali,Ghana,Burkina Faso,1533,1421,2,1,17,-17,1550,1404,60,111,5,-4,65,107,50,0,112
86,Jan 30 2002,Gulf Cup in Saudi Arabia,Saudi Arabia,Qatar,1712,1601,3,1,14,-14,1726,1587,35,64,2,-5,37,59,40,100,211
87,Jan 30 2002,African Nations Cup in Mali,South Africa,Morocco,1615,1661,3,1,42,-42,1657,1619,41,60,6,-7,47,53,50,0,-46
88,Jan 30 2002,CONCACAF Championship in the United States,United States,Canada,1787,1571,0,0,-18,18,1769,1589,29,57,-2,1,27,58,50,100,316
89,Jan 31 2002,Friendly in Brazil,Brazil,Bolivia,1833,1562,6,0,4,-4,1837,1558,13,62,2,0,15,62,20,100,371
90,Jan 31 2002,African Nations Cup in Mali,Egypt,Zambia,1630,1487,2,1,15,-15,1645,1472,47,90,2,-3,49,87,50,0,143
91,Jan 31 2002,African Nations Cup in Mali,Senegal,Tunisia,1631,1635,0,0,0,0,1631,1635,52,51,-1,-1,51,50,20,0,-4
92,Feb 2 2002,CONCACAF Championship in the United States,Canada,South Korea,1589,1731,2,1,35,-35,1624,1696,46,45,6,-5,52,40,50,0,-142
93,Feb 2 2002,CONCACAF Championship in the United States,United States,Costa Rica,1769,1813,2,0,32,-32,1801,1781,19,29,4,-3,23,26,50,100,56
94,Feb 3 2002,African Nations Cup in Mali,Mali,South Africa,1476,1657,2,0,46,-46,1522,1611,62,61,12,-7,74,54,50,100,-81
95,Feb 3 2002,African Nations Cup in Mali,Nigeria,Ghana,1733,1550,1,0,13,-13,1746,1537,29,69,2,-2,31,67,50,0,183
96,Feb 4 2002,African Nations Cup in Mali,Cameroon,Egypt,1775,1645,1,0,16,-16,1791,1629,23,52,2,-2,25,50,50,0,130
97,Feb 4 2002,African Nations Cup in Mali,Senegal,DR Congo,1631,1484,2,0,23,-23,1654,1461,44,93,3,-4,47,89,50,0,147
98,Feb 6 2002,Friendly in Iran,Iran,Slovakia,1753,1696,2,3,-14,14,1739,1710,35,38,-3,1,32,39,20,100,157
99,Feb 6 2002,Friendly in Saudi Arabia,Saudi Arabia,Brazil,1726,1837,0,1,-10,10,1716,1847,40,15,-2,0,38,15,20,100,-11
100,Feb 7 2002,African Nations Cup in Mali,Mali,Cameroon,1522,1791,0,3,-24,24,1498,1815,86,19,-6,3,80,22,50,100,-169
101,Feb 7 2002,African Nations Cup in Mali,Senegal,Nigeria,1654,1746,2,1,31,-31,1685,1715,39,46,4,-8,43,38,50,0,-92
102,Feb 7 2002,Friendly in Singapore,Singapore,North Korea,1219,1469,2,1,14,-14,1233,1455,152,93,0,-3,152,90,20,100,-150
103,Feb 9 2002,Friendly tournament in Malta,Lithuania,Moldova,1412,1394,1,0,14,-14,1426,1380,94,115,5,-3,99,112,30,0,18
104,Feb 9 2002,African Nations Cup in Mali,Mali,Nigeria,1498,1715,0,1,-17,17,1481,1732,90,28,-5,5,85,33,50,100,-117
105,Feb 9 2002,Friendly tournament in Malta,Malta,Jordan,1211,1387,2,1,18,-18,1229,1369,152,118,1,-3,153,115,30,100,-76
106,Feb 10 2002,African Nations Cup in Mali,Cameroon,Senegal,1815,1685,0,0,-9,9,1806,1694,24,43,-1,0,23,43,30,100,230
107,Feb 10 2002,King's Cup in Thailand,North Korea,Qatar,1455,1587,1,1,5,-5,1460,1582,90,59,0,0,90,59,30,0,-132
108,Feb 10 2002,Friendly in Cyprus,Poland,Faroe Islands,1747,1244,2,1,1,-1,1748,1243,29,148,0,-1,29,147,20,0,503
109,Feb 10 2002,King's Cup in Thailand,Thailand,Singapore,1443,1233,4,0,8,-8,1451,1225,89,154,3,-1,92,153,30,100,310
110,Feb 11 2002,Friendly tournament in Malta,Malta,Lithuania,1229,1426,1,1,4,-4,1233,1422,152,105,0,-3,152,102,30,100,-97
111,Feb 11 2002,Friendly tournament in Malta,Moldova,Jordan,1380,1369,2,0,22,-22,1402,1347,104,121,4,-3,108,118,30,0,11
112,Feb 12 2002,Friendly tournament in Cyprus,Cyprus,Switzerland,1511,1658,1,1,2,-2,1513,1656,75,47,0,0,75,47,30,100,-47
113,Feb 12 2002,Friendly tournament in Cyprus,Czechia,Hungary,1825,1600,2,0,10,-10,1835,1590,14,61,3,-3,17,58,30,0,225
114,Feb 12 2002,Friendly in the Netherlands,Ecuador,Turkey,1704,1796,1,0,13,-13,1717,1783,36,27,2,-1,38,26,20,0,-92
115,Feb 12 2002,Friendly tournament in Hong Kong,Honduras,Slovenia,1732,1758,5,1,30,-30,1762,1728,23,42,5,-7,28,35,30,0,-26
116,Feb 12 2002,King's Cup in Thailand,North Korea,Singapore,1460,1225,4,2,9,-9,1469,1216,84,153,3,0,87,153,30,0,235
117,Feb 12 2002,King's Cup in Thailand,Thailand,Qatar,1451,1582,1,0,16,-16,1467,1566,84,61,4,-1,88,60,30,100,-31
118,Feb 13 2002,Friendly in Belgium,Belgium,Norway,1834,1746,1,0,5,-5,1839,1741,18,30,0,0,18,30,20,100,188
119,Feb 13 2002,Friendly in Croatia,Croatia,Bulgaria,1885,1684,0,0,-7,7,1878,1691,11,42,-1,1,10,43,20,100,301
120,Feb 13 2002,Friendly tournament in Cyprus,Cyprus,Czechia,1513,1835,3,4,-7,7,1506,1842,79,17,-2,0,77,17,30,100,-222
121,Feb 13 2002,Friendly in Cyprus,Faroe Islands,Liechtenstein,1243,1054,1,0,5,-5,1248,1049,145,183,1,-1,146,182,20,0,189
122,Feb 13 2002,Friendly in France,France,Romania,2114,1814,2,1,2,-2,2116,1812,1,22,0,0,1,22,20,100,400
123,Feb 13 2002,Friendly in Germany,Germany,Israel,1869,1671,7,1,6,-6,1875,1665,12,48,0,-1,12,47,20,100,298
124,Feb 13 2002,Friendly in Greece,Greece,Sweden,1654,1888,2,2,4,-4,1658,1884,48,8,0,0,48,8,20,100,-134
125,Feb 13 2002,Friendly in Ireland,Ireland,Russia,1861,1837,2,0,10,-10,1871,1827,12,24,1,-4,13,20,20,100,124
126,Feb 13 2002,Friendly in Italy,Italy,United States,2015,1801,1,0,3,-3,2018,1798,1,24,1,0,2,24,20,100,314
127,Feb 13 2002,Friendly tournament in Malta,Jordan,Lithuania,1347,1422,3,0,32,-32,1379,1390,106,116,6,-7,112,109,30,0,-75
128,Feb 13 2002,Friendly in Luxembourg,Luxembourg,Albania,1114,1461,0,0,6,-6,1120,1455,167,92,2,-1,169,91,20,100,-247
129,Feb 13 2002,Friendly tournament in Malta,Malta,Moldova,1233,1402,3,0,31,-31,1264,1371,128,120,12,-6,140,114,30,100,-69
130,Feb 13 2002,Friendly in the Netherlands,Netherlands,England,1996,1931,1,1,-4,4,1992,1935,5,7,0,0,5,7,20,100,165
131,Feb 13 2002,Friendly in Paraguay,Paraguay,Bolivia,1725,1558,2,2,-6,6,1719,1564,38,60,-1,1,37,61,20,100,267
132,Feb 13 2002,Friendly in Cyprus,Poland,Northern Ireland,1748,1546,4,1,8,-8,1756,1538,29,67,0,-1,29,66,20,0,202
133,Feb 13 2002,Friendly in Saudi Arabia,Saudi Arabia,Denmark,1716,1875,0,1,-8,8,1708,1883,41,7,-1,2,40,9,20,100,-59
134,Feb 13 2002,Friendly in Spain,Spain,Portugal,1966,2011,1,1,-2,2,1964,2013,6,2,0,1,6,3,20,100,55
135,Feb 13 2002,Friendly tournament in Cyprus,Switzerland,Hungary,1656,1590,2,1,12,-12,1668,1578,45,58,1,0,46,58,30,0,66
136,Feb 13 2002,Friendly in Uruguay,Uruguay,South Korea,1788,1696,2,1,5,-5,1793,1691,25,45,0,-2,25,43,20,100,192
137,Feb 13 2002,Friendly in Wales,Wales,Argentina,1552,2021,1,1,8,-8,1560,2013,63,4,0,-1,63,3,20,100,-369
138,Feb 13 2002,Friendly in the United States,Yugoslavia,Mexico,1833,1825,2,1,10,-10,1843,1815,13,21,3,0,16,21,20,0,8
139,Feb 14 2002,King's Cup in Thailand,Qatar,Singapore,1566,1216,3,0,6,-6,1572,1210,58,155,1,-1,59,154,30,0,350
140,Feb 14 2002,King's Cup in Thailand,Thailand,North Korea,1467,1469,0,1,-19,19,1448,1488,100,81,-6,3,94,84,30,100,98
141,Feb 15 2002,Friendly tournament in Hong Kong,China,Slovenia,1724,1728,0,0,0,0,1724,1728,36,35,0,0,36,35,20,0,-4
142,Feb 16 2002,King's Cup in Thailand,Qatar,Singapore,1572,1210,2,0,5,-5,1577,1205,59,156,0,-1,59,155,30,0,362
143,Feb 16 2002,King's Cup in Thailand,Thailand,North Korea,1448,1488,0,0,-3,3,1445,1491,96,82,-1,1,95,83,30,100,60
144,Feb 18 2002,Friendly in France,Gibraltar,Monaco,1056,904,2,2,-4,4,1052,908,180,193,0,0,180,193,20,0,152
145,Mar 1 2002,Friendly tournament in Morocco,Iran,Venezuela,1739,1570,1,0,8,-8,1747,1562,29,64,1,-2,30,62,30,0,169
146,Mar 2 2002,Friendly in Botswana,Botswana,Swaziland,1120,1192,6,2,17,-17,1137,1175,163,158,3,-1,166,157,20,100,28
147,Mar 2 2002,Friendly in the United States,United States,Honduras,1798,1762,4,0,12,-12,1810,1750,22,30,1,-1,23,29,20,100,136
148,Mar 7 2002,Friendly in Brazil,Brazil,Iceland,1847,1600,6,1,5,-5,1852,1595,15,57,0,-1,15,56,20,100,347
149,Mar 9 2002,Oceania Nations Cup qualifier in Samoa,New Caledonia,Eastern Samoa,1158,406,10,0,1,-1,1159,405,162,228,0,0,162,228,20,0,752
150,Mar 9 2002,Oceania Nations Cup qualifier in Samoa,Samoa,Tonga,702,679,2,0,20,-20,722,659,210,221,2,-2,212,219,40,100,123
151,Mar 10 2002,Friendly in Swaziland,Swaziland,Lesotho,1175,1178,1,0,7,-7,1182,1171,155,160,1,-2,156,158,20,100,97
152,Mar 10 2002,Friendly in the United States,United States,Ecuador,1810,1717,1,0,5,-5,1815,1712,19,38,2,0,21,38,20,100,193
153,Mar 12 2002,Oceania Nations Cup qualifier in Samoa,Papua New Guinea,New Caledonia,1024,1159,4,1,48,-48,1072,1111,173,180,6,-9,179,171,40,0,-135
154,Mar 12 2002,Oceania Nations Cup qualifier in Samoa,Tonga,Eastern Samoa,659,405,7,2,15,-15,674,390,217,230,1,-1,218,229,40,0,254
155,Mar 13 2002,Friendly in the United States,Mexico,Albania,1815,1455,4,0,4,-4,1819,1451,21,92,0,-1,21,91,20,0,360
156,Mar 13 2002,Friendly in Tunisia,Tunisia,South Korea,1635,1691,0,0,-1,1,1634,1692,49,43,0,0,49,43,20,100,44
157,Mar 14 2002,Friendly in Italy,Estonia,Saudi Arabia,1345,1708,2,0,27,-27,1372,1681,107,48,7,-4,114,44,20,0,-363
158,Mar 14 2002,Oceania Nations Cup qualifier in Samoa,Papua New Guinea,Tonga,1072,674,5,0,7,-7,1079,667,177,218,1,0,178,218,40,0,398
159,Mar 14 2002,Oceania Nations Cup qualifier in Samoa,Samoa,Eastern Samoa,722,390,5,0,6,-6,728,384,210,229,1,0,211,229,40,100,432
160,Mar 16 2002,Friendly in Botswana,Botswana,Namibia,1137,1244,3,1,15,-15,1152,1229,159,156,3,-4,162,152,20,100,-7
161,Mar 16 2002,COSAFA Cup in Mauritius,Mauritius,Madagascar,1251,1346,2,3,-20,20,1231,1366,157,114,-6,3,151,117,40,100,5
162,Mar 16 2002,Oceania Nations Cup qualifier in Samoa,New Caledonia,Tonga,1111,667,9,0,7,-7,1118,660,169,218,1,0,170,218,40,0,444
163,Mar 16 2002,Oceania Nations Cup qualifier in Samoa,Samoa,Papua New Guinea,728,1079,1,4,-13,13,715,1092,213,176,-1,1,212,177,40,100,-251
164,Mar 17 2002,Friendly in Sri Lanka,Sri Lanka,Pakistan,903,782,1,1,-6,6,897,788,200,208,-3,0,197,208,20,100,221
165,Mar 18 2002,Oceania Nations Cup qualifier in Samoa,Papua New Guinea,Eastern Samoa,1092,384,7,0,2,-2,1094,382,177,229,0,0,177,229,40,0,708
166,Mar 18 2002,Oceania Nations Cup qualifier in Samoa,Samoa,New Caledonia,715,1118,0,5,-12,12,703,1130,214,162,-1,4,213,166,40,100,-303
167,Mar 19 2002,Friendly in Sri Lanka,Sri Lanka,Pakistan,897,788,0,0,-5,5,892,793,197,208,0,0,197,208,20,100,209
168,Mar 20 2002,Friendly in Italy,Saudi Arabia,South Africa,1681,1611,1,0,8,-8,1689,1603,44,54,0,0,44,54,20,0,70
169,Mar 20 2002,Friendly in Spain,South Korea,Finland,1692,1731,2,0,17,-17,1709,1714,38,40,2,-3,40,37,20,0,-39
170,Mar 21 2002,Friendly in Japan,Japan,Ukraine,1867,1696,1,0,3,-3,1870,1693,14,43,0,-1,14,42,20,100,271
171,Mar 23 2002,Friendly in Sri Lanka,Sri Lanka,Pakistan,892,793,1,0,5,-5,897,788,197,208,0,0,197,208,20,100,199
172,Mar 25 2002,Friendly in Sri Lanka,Sri Lanka,Pakistan,897,788,2,1,5,-5,902,783,191,208,3,0,194,208,20,100,209
173,Mar 26 2002,Friendly in England,Nigeria,Paraguay,1732,1719,1,1,0,0,1732,1719,33,36,0,0,33,36,20,0,13
174,Mar 26 2002,Friendly in Germany,South Korea,Turkey,1709,1783,0,0,2,-2,1711,1781,38,26,1,0,39,26,20,0,-74
175,Mar 27 2002,Friendly in Albania,Albania,Azerbaijan,1451,1301,1,0,4,-4,1455,1297,89,132,1,0,90,132,20,100,250
176,Mar 27 2002,Friendly in Switzerland,Argentina,Cameroon,2013,1806,2,2,-5,5,2008,1811,3,20,0,2,3,22,20,0,207
177,Mar 27 2002,Friendly in Austria,Austria,Slovakia,1673,1710,2,0,12,-12,1685,1698,41,42,2,-1,43,41,20,100,63
178,Mar 27 2002,Friendly in Belize,Belize,Guyana,1115,1107,3,1,10,-10,1125,1097,169,180,1,-4,170,176,20,100,108
179,Mar 27 2002,Friendly in Bosnia and Herzegovina,Bosnia and Herzegovina,Macedonia,1531,1443,4,4,-5,5,1526,1448,73,92,-1,2,72,94,20,100,188
180,Mar 27 2002,Friendly in Brazil,Brazil,Yugoslavia,1852,1843,1,0,7,-7,1859,1836,15,18,0,-1,15,17,20,100,109
181,Mar 27 2002,Friendly in Croatia,Croatia,Slovenia,1878,1728,0,0,-6,6,1872,1734,16,32,-3,1,13,33,20,100,250
182,Mar 27 2002,Friendly in the United States,Ecuador,Bulgaria,1712,1691,3,0,16,-16,1728,1675,34,47,2,-2,36,45,20,0,21
183,Mar 27 2002,Friendly in England,England,Italy,1935,2018,1,2,-10,10,1925,2028,7,2,0,0,7,2,20,100,17
184,Mar 27 2002,Friendly in Estonia,Estonia,Russia,1372,1827,2,1,18,-18,1390,1809,104,26,5,-3,109,23,20,100,-355
185,Mar 27 2002,Friendly in France,France,Scotland,2116,1734,5,0,2,-2,2118,1732,1,36,0,-2,1,34,20,100,482
186,Mar 27 2002,Friendly in Georgia,Georgia,South Africa,1593,1603,4,1,13,-13,1606,1590,51,60,3,-3,54,57,20,100,90
187,Mar 27 2002,Friendly in Germany,Germany,United States,1875,1815,4,2,9,-9,1884,1806,4,26,4,-2,8,24,20,100,160
188,Mar 27 2002,Friendly in Greece,Greece,Belgium,1658,1839,3,2,12,-12,1670,1827,46,20,1,-1,47,19,20,100,-81
189,Mar 27 2002,Friendly in Ireland,Ireland,Denmark,1871,1883,3,0,13,-13,1884,1870,3,19,5,-5,8,14,20,100,88
190,Mar 27 2002,Friendly in Liechtenstein,Liechtenstein,Northern Ireland,1049,1538,0,0,8,-8,1057,1530,181,74,1,-4,182,70,20,100,-389
191,Mar 27 2002,Friendly in Luxembourg,Luxembourg,Latvia,1120,1417,0,3,-9,9,1111,1426,172,95,-1,4,171,99,20,100,-197
192,Mar 27 2002,Friendly in Malta,Malta,Andorra,1264,1051,1,1,-7,7,1257,1058,144,180,-2,1,142,181,20,100,313
193,Mar 27 2002,Friendly in Moldova,Moldova,Hungary,1371,1578,0,2,-11,11,1360,1589,119,58,-2,0,117,58,20,100,-107
194,Mar 27 2002,Friendly in the Netherlands,Netherlands,Spain,1992,1964,1,0,6,-6,1998,1958,3,6,1,0,4,6,20,100,128
195,Mar 27 2002,Friendly in Poland,Poland,Japan,1756,1870,0,2,-14,14,1742,1884,34,2,-3,6,31,8,20,100,-14
196,Mar 27 2002,Friendly in Portugal,Portugal,Finland,2013,1714,1,4,-32,32,1981,1746,7,23,-2,7,5,30,20,100,399
197,Mar 27 2002,Friendly in Romania,Romania,Ukraine,1812,1693,4,1,8,-8,1820,1685,17,44,3,-1,20,43,20,100,219
198,Mar 27 2002,Friendly in Saudi Arabia,Saudi Arabia,Uruguay,1689,1793,3,2,10,-10,1699,1783,36,25,4,0,40,25,20,100,-4
199,Mar 27 2002,Friendly in Senegal,Senegal,Bolivia,1694,1564,2,1,4,-4,1698,1560,41,66,0,-3,41,63,20,100,230
200,Mar 27 2002,Friendly in Sweden,Sweden,Switzerland,1884,1668,1,1,-7,7,1877,1675,14,44,-3,1,11,45,20,100,316
201,Mar 27 2002,Friendly in Tunisia,Tunisia,Norway,1634,1741,0,0,0,0,1634,1741,49,33,0,-1,49,32,20,100,-7
202,Mar 27 2002,Friendly in Wales,Wales,Czechia,1560,1842,0,0,5,-5,1565,1837,57,15,3,1,60,16,20,100,-182
203,Mar 30 2002,COSAFA Cup in Botswana,Botswana,South Africa,1152,1590,0,0,15,-15,1167,1575,158,61,2,-2,160,59,40,100,-338
204,Mar 30 2002,Friendly in Swaziland,Swaziland,Mozambique,1182,1240,1,2,-11,11,1171,1251,158,141,-1,4,157,145,20,100,42
205,Mar 31 2002,Friendly in Swaziland,Swaziland,Mozambique,1171,1251,1,1,-1,1,1170,1252,161,145,-2,0,159,145,20,100,20
206,Apr 3 2002,Friendly in the United States,United States,Mexico,1806,1819,1,0,8,-8,1814,1811,18,23,3,-1,21,22,20,100,87
207,Apr 4 2002,Friendly in Sri Lanka,Sri Lanka,Maldives,902,900,1,0,7,-7,909,893,192,197,1,0,193,197,20,100,102
208,Apr 6 2002,Friendly in Sri Lanka,Sri Lanka,Maldives,909,893,1,1,-3,3,906,896,195,197,-1,0,194,197,20,100,116
209,Apr 7 2002,COSAFA Cup in Lesotho,Lesotho,Mozambique,1171,1252,0,2,-32,32,1139,1284,173,127,-8,9,165,136,40,100,19
210,Apr 9 2002,Friendly in Singapore,Singapore,Maldives,1205,896,2,0,3,-3,1208,893,155,197,0,0,155,197,20,100,409
211,Apr 10 2002,Friendly in Yemen,Yemen,Ethiopia,1209,1423,1,1,3,-3,1212,1420,152,105,1,-2,153,103,20,100,-114
212,Apr 12 2002,Friendly in Ethiopia,Ethiopia,Tanzania,1420,1317,3,0,8,-8,1428,1309,95,130,4,-1,99,129,20,100,203
213,Apr 17 2002,Friendly in Andorra,Andorra,Albania,1058,1455,2,0,25,-25,1083,1430,177,106,2,-8,179,98,20,100,-297
214,Apr 17 2002,Friendly in Austria,Austria,Cameroon,1685,1811,0,0,1,-1,1686,1810,45,24,-1,-1,44,23,20,100,-26
215,Apr 17 2002,Friendly in Belgium,Belgium,Slovakia,1827,1698,1,1,-6,6,1821,1704,21,39,-1,1,20,40,20,100,229
216,Apr 17 2002,Friendly in Belize,Belize,Nicaragua,1125,901,7,1,6,-6,1131,895,162,196,4,0,166,196,20,100,324
217,Apr 17 2002,Friendly in Croatia,Croatia,Bosnia and Herzegovina,1872,1526,2,0,2,-2,1874,1524,13,74,0,-1,13,73,20,100,446
218,Apr 17 2002,Friendly in Denmark,Denmark,Israel,1870,1665,3,1,4,-4,1874,1661,12,48,1,0,13,48,20,100,305
219,Apr 17 2002,Friendly in Spain,Ecuador,South Africa,1728,1575,0,0,-4,4,1724,1579,34,55,1,2,35,57,20,0,153
220,Apr 17 2002,Friendly in England,England,Paraguay,1925,1719,4,0,5,-5,1930,1714,7,38,0,0,7,38,20,100,306
221,Apr 17 2002,Friendly in France,France,Russia,2118,1809,0,0,-8,8,2110,1817,1,18,0,3,1,21,20,100,409
222,Apr 17 2002,Friendly in Germany,Germany,Argentina,1884,2008,0,1,-9,9,1875,2017,16,3,-4,0,12,3,20,100,-24
223,Apr 17 2002,Friendly in Greece,Greece,Czechia,1670,1837,0,0,2,-2,1672,1835,45,18,1,-1,46,17,20,100,-67
224,Apr 17 2002,Friendly in Hungary,Hungary,Belarus,1589,1507,2,5,-26,26,1563,1533,63,65,-3,5,60,70,20,100,182
225,Apr 17 2002,Friendly in Ireland,Ireland,United States,1884,1814,2,1,5,-5,1889,1809,8,27,0,-3,8,24,20,100,170
226,Apr 17 2002,Friendly in Italy,Italy,Uruguay,2028,1783,1,1,-8,8,2020,1791,2,25,0,0,2,25,20,100,345
227,Apr 17 2002,Friendly in Japan,Japan,Costa Rica,1884,1781,1,1,-5,5,1879,1786,10,28,-1,-1,9,27,20,100,203
228,Apr 17 2002,Friendly in Latvia,Latvia,Kazakhstan,1426,1466,2,1,8,-8,1434,1458,94,92,3,-2,97,90,20,100,60
229,Apr 17 2002,Friendly in Luxembourg,Luxembourg,Liechtenstein,1111,1057,3,3,-4,4,1107,1061,171,182,0,0,171,182,20,100,154
230,Apr 17 2002,Friendly in Macedonia,Macedonia,Finland,1448,1746,1,0,15,-15,1463,1731,82,36,6,-3,88,33,20,100,-198
231,Apr 17 2002,Friendly in Malta,Malta,Azerbaijan,1257,1297,1,0,8,-8,1265,1289,139,136,2,-2,141,134,20,100,60
232,Apr 17 2002,Friendly in the United States,Mexico,Bulgaria,1811,1675,1,0,6,-6,1817,1669,20,49,1,-2,21,47,20,0,136
233,Apr 17 2002,Friendly in Norway,Norway,Sweden,1741,1877,0,0,1,-1,1742,1876,30,9,1,1,31,10,20,100,-36
234,Apr 17 2002,Friendly in Northern Ireland,Northern Ireland,Spain,1530,1958,0,5,-5,5,1525,1963,74,6,-2,0,72,6,20,100,-328
235,Apr 17 2002,Friendly in Poland,Poland,Romania,1742,1820,1,2,-11,11,1731,1831,35,16,-2,2,33,18,20,100,22
236,Apr 17 2002,Friendly in Portugal,Portugal,Brazil,1981,1859,1,1,-6,6,1975,1865,5,15,0,0,5,15,20,100,222
237,Apr 17 2002,Friendly in Scotland,Scotland,Nigeria,1732,1732,1,2,-13,13,1719,1745,40,26,-3,4,37,30,20,100,100
238,Apr 17 2002,Friendly in Slovenia,Slovenia,Tunisia,1734,1634,1,0,5,-5,1739,1629,31,49,1,0,32,49,20,100,200
239,Apr 17 2002,Friendly in the Netherlands,Turkey,Chile,1781,1598,2,0,8,-8,1789,1590,26,57,0,-1,26,56,20,0,183
240,Apr 17 2002,Friendly in Ukraine,Ukraine,Georgia,1685,1606,2,1,5,-5,1690,1601,43,54,0,0,43,54,20,100,179
241,Apr 17 2002,Friendly in Yugoslavia,Yugoslavia,Lithuania,1836,1390,4,1,1,-1,1837,1389,15,113,1,-2,16,111,20,100,546
242,Apr 21 2002,Friendly in South Korea,South Korea,Costa Rica,1711,1786,2,0,14,-14,1725,1772,31,27,4,0,35,27,20,100,25
243,Apr 21 2002,COSAFA Cup in Swaziland,Swaziland,Namibia,1170,1229,2,1,18,-18,1188,1211,154,156,2,-2,156,154,30,0,-59
244,Apr 27 2002,Friendly in South Korea,South Korea,China,1725,1724,0,0,-3,3,1722,1727,39,34,-2,1,37,35,20,100,101
245,Apr 28 2002,Friendly in Tanzania,Tanzania,Ethiopia,1309,1428,3,1,16,-16,1325,1412,123,106,3,-3,126,103,20,100,-19
246,Apr 29 2002,Friendly tournament in Japan,Japan,Slovakia,1879,1704,1,0,5,-5,1884,1699,9,40,0,0,9,40,20,0,175
247,May 2 2002,Friendly tournament in Japan,Japan,Honduras,1884,1750,3,3,-9,9,1875,1759,13,28,-2,0,11,28,30,100,234
248,May 4 2002,Friendly in Malawi,Malawi,Tanzania,1255,1325,1,0,9,-9,1264,1316,139,130,3,-2,142,128,20,100,30
249,May 4 2002,Friendly in Nigeria,Nigeria,Kenya,1745,1375,3,0,2,-2,1747,1373,28,114,1,0,29,114,20,100,470
250,May 5 2002,COSAFA Cup in Zimbabwe,Zimbabwe,Swaziland,1519,1188,0,2,-55,55,1464,1243,99,140,-12,8,87,148,40,100,431
251,May 7 2002,Friendly in Venezuela,Venezuela,Colombia,1562,1876,0,0,5,-5,1567,1871,56,19,3,-5,59,14,20,100,-214
252,May 8 2002,Friendly in the United States,Ecuador,Yugoslavia,1724,1837,1,0,13,-13,1737,1824,30,22,3,-3,33,19,20,0,-113
253,May 8 2002,Friendly in Hungary,Hungary,Croatia,1563,1874,0,2,-7,7,1556,1881,65,6,-2,3,63,9,20,100,-211
254,May 9 2002,Friendly in Costa Rica,Costa Rica,Colombia,1772,1871,1,2,-10,10,1762,1881,27,4,0,5,27,9,20,100,1
255,May 9 2002,Friendly in Germany,Germany,Kuwait,1875,1530,7,0,3,-3,1878,1527,11,71,0,0,11,71,20,100,445
256,May 11 2002,Friendly in China,China,Thailand,1727,1445,3,1,3,-3,1730,1442,36,95,0,0,36,95,20,100,382
257,May 11 2002,Friendly in Kenya,Kenya,Tanzania,1373,1316,1,0,6,-6,1379,1310,112,130,1,-1,113,129,20,100,157
258,May 12 2002,Friendly in Mexico,Mexico,Colombia,1817,1881,2,1,9,-9,1826,1872,17,19,2,-5,19,14,20,100,36
259,May 12 2002,Friendly in South Africa,South Africa,Madagascar,1579,1366,1,0,3,-3,1582,1363,57,116,0,0,57,116,20,100,313
260,May 12 2002,Friendly in the United States,United States,Uruguay,1809,1791,2,1,7,-7,1816,1784,22,27,1,-1,23,26,20,100,118
261,May 14 2002,Friendly in Belgium,Belgium,Algeria,1821,1482,0,0,-9,9,1812,1491,25,80,-2,2,23,82,20,100,439
262,May 14 2002,Friendly in Norway,Norway,Japan,1742,1875,3,0,19,-19,1761,1856,25,18,3,-3,28,15,20,100,-33
263,May 14 2002,Friendly in Saudi Arabia,Saudi Arabia,Senegal,1699,1698,3,2,7,-7,1706,1691,40,42,0,0,40,42,20,100,101
264,May 14 2002,Friendly in Slovakia,Slovakia,Uzbekistan,1699,1498,4,1,5,-5,1704,1493,42,83,-1,-2,41,81,20,100,301
265,May 14 2002,Friendly in Wales,Wales,Germany,1565,1878,1,0,15,-15,1580,1863,56,18,2,-4,58,14,20,100,-213
266,May 15 2002,Friendly in Greece,Greece,Cyprus,1672,1506,3,1,5,-5,1677,1501,44,78,1,-1,45,77,20,100,266
267,May 15 2002,Friendly in Switzerland,Switzerland,Canada,1675,1624,1,3,-21,21,1654,1645,51,47,-3,2,48,49,20,100,151
268,May 16 2002,Friendly tournament in China,China,Uruguay,1730,1784,0,2,-25,25,1705,1809,44,24,-4,1,40,25,30,100,46
269,May 16 2002,Friendly in Ireland,Ireland,Nigeria,1889,1747,1,2,-16,16,1873,1763,14,24,-3,3,11,27,20,100,242
270,May 16 2002,Friendly in the United States,Mexico,Bolivia,1826,1560,1,0,4,-4,1830,1556,17,62,1,0,18,62,20,0,266
271,May 16 2002,Friendly in South Korea,South Korea,Scotland,1722,1719,4,1,12,-12,1734,1707,31,38,3,0,34,38,20,100,103
272,May 16 2002,Friendly in the United States,United States,Jamaica,1816,1534,5,0,4,-4,1820,1530,20,72,1,-2,21,70,20,100,382
273,May 17 2002,Friendly in Denmark,Denmark,Cameroon,1874,1810,2,1,6,-6,1880,1804,8,24,1,0,9,24,20,100,164
274,May 17 2002,Friendly in Myanmar,Myanmar,Malaysia,1106,1277,1,1,2,-2,1108,1275,170,140,1,-1,171,139,20,100,-71
275,May 17 2002,Friendly tournament in Russia,Russia,Belarus,1817,1533,1,1,-12,12,1805,1545,24,61,-1,4,23,65,30,100,384
276,May 17 2002,Friendly in Slovenia,Slovenia,Ghana,1739,1537,2,0,4,-4,1743,1533,32,72,0,-3,32,69,20,100,302
277,May 17 2002,Friendly in Sweden,Sweden,Paraguay,1876,1714,1,2,-16,16,1860,1730,19,37,-5,0,14,37,20,100,262
278,May 17 2002,Friendly tournament in Russia,Ukraine,Yugoslavia,1690,1824,2,0,31,-31,1721,1793,33,30,5,-5,38,25,30,0,-134
279,May 18 2002,Friendly in Czechia,Czechia,Italy,1835,2020,1,0,12,-12,1847,2008,16,4,0,-1,16,3,20,100,-85
280,May 18 2002,Friendly in France,France,Belgium,2110,1812,1,2,-18,18,2092,1830,1,15,0,3,1,18,20,100,398
281,May 18 2002,Friendly in Germany,Germany,Austria,1863,1686,6,2,6,-6,1869,1680,11,44,1,0,12,44,20,100,277
282,May 18 2002,COSAFA Cup in Malawi,Malawi,Angola,1264,1534,2,1,29,-29,1293,1505,122,82,10,-7,132,75,40,100,-170
283,May 18 2002,Friendly tournament in England,Nigeria,Jamaica,1763,1530,1,0,6,-6,1769,1524,27,72,0,-1,27,71,30,0,233
284,May 18 2002,Friendly in Poland,Poland,Estonia,1731,1390,1,0,1,-1,1732,1389,35,113,0,-2,35,111,20,100,441
285,May 18 2002,Friendly in Tanzania,Tanzania,Kenya,1310,1379,0,5,-22,22,1288,1401,143,101,-7,6,136,107,20,100,31
286,May 19 2002,Friendly tournament in Russia,Belarus,Ukraine,1545,1721,2,0,33,-33,1578,1688,53,48,6,-5,59,43,30,0,-176
287,May 19 2002,Friendly in Myanmar,Myanmar,Malaysia,1108,1275,0,0,2,-2,1110,1273,171,140,0,0,171,140,20,100,-67
288,May 19 2002,Friendly tournament in Russia,Russia,Yugoslavia,1805,1793,1,1,-5,5,1800,1798,25,25,-1,0,24,25,30,100,112
289,May 19 2002,Friendly in the United States,United States,Netherlands,1820,1998,0,2,-12,12,1808,2010,23,2,-1,1,22,3,20,100,-78
290,May 20 2002,Friendly tournament in Hong Kong,South Africa,Scotland,1582,1707,2,0,30,-30,1612,1677,51,50,3,-6,54,44,30,0,-125
291,May 21 2002,Friendly in San Marino,San Marino,Estonia,953,1389,0,1,-3,3,950,1392,191,107,0,2,191,109,20,100,-336
292,May 21 2002,Friendly tournament in Singapore,Singapore,Uruguay,1208,1809,1,2,-2,2,1206,1811,156,21,0,0,156,21,30,100,-501
293,May 21 2002,Friendly in South Korea,South Korea,England,1734,1930,1,1,3,-3,1737,1927,32,7,1,0,33,7,20,100,-96
294,May 22 2002,Friendly in Finland,Finland,Latvia,1731,1434,2,1,2,-2,1733,1432,34,97,1,0,35,97,20,100,397
295,May 22 2002,Friendly in Norway,Norway,Iceland,1761,1595,1,1,-6,6,1755,1601,31,54,-1,1,30,55,20,100,266
296,May 23 2002,Friendly in Japan,Senegal,Ecuador,1691,1737,1,0,11,-11,1702,1726,41,41,0,-4,41,37,20,0,-46
297,May 23 2002,Friendly tournament in Hong Kong,South Africa,Turkey,1612,1789,2,0,33,-33,1645,1756,44,32,5,-3,49,29,30,0,-177
298,May 25 2002,Friendly in Japan,Japan,Sweden,1856,1860,1,1,-3,3,1853,1863,15,14,0,0,15,14,20,100,96
299,May 25 2002,Friendly in Malaysia,Malaysia,Brazil,1273,1865,0,4,-2,2,1271,1867,140,13,0,0,140,13,20,100,-492
300,May 25 2002,Friendly in Macao,Portugal,China,1975,1705,2,0,5,-5,1980,1700,5,43,0,-2,5,41,20,0,270
301,May 26 2002,Friendly in Japan,Belgium,Costa Rica,1830,1762,1,0,8,-8,1838,1754,16,33,1,-3,17,30,20,0,68
302,May 26 2002,Friendly in Japan,Cameroon,England,1804,1927,2,2,3,-3,1807,1924,23,7,0,0,23,7,20,0,-123
303,May 26 2002,Friendly in Japan,Denmark,Tunisia,1880,1629,2,1,4,-4,1884,1625,7,53,1,-1,8,52,20,0,251
304,May 26 2002,Friendly in South Korea,South Korea,France,1737,2092,2,3,-4,4,1733,2096,33,1,0,0,33,1,20,100,-255
305,May 30 2002,Friendly in Kuwait,Kuwait,Iran,1527,1747,1,3,-10,10,1517,1757,77,25,-4,3,73,28,20,100,-120
306,May 31 2002,World Cup in South Korea,Senegal,France,1702,2096,1,0,54,-54,1756,2042,18,1,11,0,29,1,60,0,-394
307,Jun 1 2002,World Cup in Japan,Cameroon,Ireland,1807,1873,1,1,6,-6,1813,1867,19,14,2,-2,21,12,60,0,-66
308,Jun 1 2002,World Cup in South Korea,Denmark,Uruguay,1884,1811,2,1,24,-24,1908,1787,10,29,-1,-4,9,25,60,0,73
309,Jun 1 2002,World Cup in Japan,Germany,Saudi Arabia,1869,1706,8,0,40,-40,1909,1666,4,53,4,-7,8,46,60,0,163
310,Jun 2 2002,World Cup in Japan,Argentina,Nigeria,2017,1769,1,0,12,-12,2029,1757,2,28,0,-1,2,27,60,0,248
311,Jun 2 2002,World Cup in Japan,England,Sweden,1924,1863,1,1,-5,5,1919,1868,7,10,0,2,7,12,60,0,61
312,Jun 2 2002,World Cup in South Korea,Paraguay,South Africa,1730,1645,2,2,-7,7,1723,1652,37,49,0,0,37,49,30,100,185
313,Jun 2 2002,World Cup in South Korea,Spain,Slovenia,1963,1743,3,1,20,-20,1983,1723,4,41,1,-4,5,37,60,0,220
314,Jun 3 2002,World Cup in South Korea,Brazil,Turkey,1867,1756,2,1,21,-21,1888,1735,7,35,3,-3,10,32,60,0,111
315,Jun 3 2002,World Cup in Japan,Italy,Ecuador,2008,1726,2,0,15,-15,2023,1711,2,40,1,-2,3,38,60,0,282
316,Jun 3 2002,World Cup in Japan,Mexico,Croatia,1830,1881,1,0,34,-34,1864,1847,9,22,5,-6,14,16,60,0,-51
317,Jun 4 2002,World Cup in South Korea,Costa Rica,China,1754,1700,2,0,38,-38,1792,1662,19,52,6,-6,25,46,60,0,54
318,Jun 4 2002,World Cup in Japan,Japan,Belgium,1853,1838,2,2,-10,10,1843,1848,21,12,-3,3,18,15,60,100,115
319,Jun 4 2002,World Cup in South Korea,South Korea,Poland,1733,1732,2,0,32,-32,1765,1700,21,43,6,-4,27,39,60,100,101
320,Jun 5 2002,World Cup in Japan,Germany,Ireland,1909,1867,1,1,-4,4,1905,1871,10,11,-1,1,9,12,20,100,142
321,Jun 5 2002,World Cup in Japan,Russia,Tunisia,1800,1625,2,0,24,-24,1824,1601,21,56,1,-2,22,54,60,0,175
322,Jun 5 2002,World Cup in South Korea,United States,Portugal,1808,1980,3,2,44,-44,1852,1936,8,6,7,0,15,6,60,0,-172
323,Jun 6 2002,World Cup in Japan,Cameroon,Saudi Arabia,1813,1666,1,0,18,-18,1831,1648,17,53,3,-4,20,49,60,0,147
324,Jun 6 2002,World Cup in South Korea,Denmark,Senegal,1908,1756,1,1,-12,12,1896,1768,10,23,-1,4,9,27,40,100,252
325,Jun 6 2002,World Cup in South Korea,France,Uruguay,2042,1787,0,0,-19,19,2023,1806,3,22,-1,2,2,24,50,100,355
326,Jun 6 2002,Friendly in Saint Martin,Saint Martin,Anguilla,1087,538,2,1,0,0,1087,538,178,226,0,0,178,226,20,100,649
327,Jun 7 2002,Friendly in Andorra,Andorra,Armenia,1083,1409,0,2,-6,6,1077,1415,181,101,-1,2,180,103,20,100,-226
328,Jun 7 2002,World Cup in Japan,England,Argentina,1919,2029,1,0,39,-39,1958,1990,5,9,1,-4,6,5,60,0,-110
329,Jun 7 2002,World Cup in South Korea,Spain,Paraguay,1983,1723,3,1,16,-16,1999,1707,3,39,1,-2,4,37,60,0,260
330,Jun 7 2002,World Cup in Japan,Sweden,Nigeria,1868,1757,2,1,21,-21,1889,1736,7,34,3,-2,10,32,60,0,111
331,Jun 8 2002,World Cup in South Korea,Brazil,China,1888,1662,4,0,24,-24,1912,1638,5,55,3,-5,8,50,60,0,226
332,Jun 8 2002,World Cup in Japan,Croatia,Italy,1847,2023,2,1,44,-44,1891,1979,5,9,6,-4,11,5,60,0,-176
333,Jun 8 2002,Friendly in Malawi,Malawi,Botswana,1293,1167,2,0,6,-6,1299,1161,130,163,1,-2,131,161,20,100,226
334,Jun 8 2002,World Cup in South Korea,South Africa,Slovenia,1652,1723,1,0,36,-36,1688,1687,30,47,9,-6,39,41,60,0,-71
335,Jun 9 2002,World Cup in South Korea,Costa Rica,Turkey,1792,1735,1,1,-5,5,1787,1740,26,31,0,1,26,32,60,0,57
336,Jun 9 2002,World Cup in Japan,Japan,Russia,1843,1824,1,0,20,-20,1863,1804,13,25,3,-1,16,24,60,100,119
337,Jun 9 2002,Friendly in Malawi,Malawi,Botswana,1299,1161,1,0,4,-4,1303,1157,131,161,0,0,131,161,20,100,238
338,Jun 9 2002,World Cup in Japan,Mexico,Ecuador,1864,1711,2,1,18,-18,1882,1693,11,41,2,-3,13,38,60,0,153
339,Jun 10 2002,World Cup in Japan,Belgium,Tunisia,1848,1601,1,1,-18,18,1830,1619,24,52,-3,1,21,53,60,0,247
340,Jun 10 2002,World Cup in South Korea,Portugal,Poland,1936,1700,4,0,23,-23,1959,1677,5,47,1,-5,6,42,60,0,236
341,Jun 10 2002,World Cup in South Korea,South Korea,United States,1765,1852,1,1,-1,1,1764,1853,28,17,0,0,28,17,30,100,13
342,Jun 11 2002,World Cup in South Korea,Denmark,France,1896,2023,2,0,61,-61,1957,1962,6,9,2,-4,8,5,60,0,-127
343,Jun 11 2002,World Cup in Japan,Germany,Cameroon,1905,1831,2,0,36,-36,1941,1795,9,31,0,-6,9,25,60,0,74
344,Jun 11 2002,World Cup in Japan,Ireland,Saudi Arabia,1871,1648,3,0,23,-23,1894,1625,7,54,4,-3,11,51,60,0,223
345,Jun 11 2002,World Cup in South Korea,Senegal,Uruguay,1768,1806,3,3,3,-3,1771,1803,27,23,0,0,27,23,50,0,-38
346,Jun 12 2002,World Cup in Japan,Argentina,Sweden,1990,1889,1,1,-8,8,1982,1897,3,9,0,2,3,11,30,100,201
347,Jun 12 2002,World Cup in Japan,England,Nigeria,1958,1736,0,0,-17,17,1941,1753,9,31,-1,1,8,32,60,0,222
348,Jun 12 2002,World Cup in South Korea,Paraguay,Slovenia,1707,1687,3,1,42,-42,1749,1645,31,54,2,-7,33,47,60,0,20
349,Jun 12 2002,World Cup in South Korea,Spain,South Africa,1999,1688,3,2,9,-9,2008,1679,2,42,0,-2,2,40,60,0,311
350,Jun 13 2002,World Cup in South Korea,Brazil,Costa Rica,1912,1787,5,2,34,-34,1946,1753,6,38,2,-6,8,32,60,0,125
351,Jun 13 2002,World Cup in Japan,Ecuador,Croatia,1693,1891,1,0,45,-45,1738,1846,33,23,2,-5,35,18,60,0,-198
352,Jun 13 2002,World Cup in Japan,Italy,Mexico,1979,1882,1,1,-8,8,1971,1890,4,12,0,1,4,13,30,100,197
353,Jun 13 2002,World Cup in South Korea,Turkey,China,1740,1638,3,0,38,-38,1778,1600,18,63,8,-7,26,56,60,0,102
354,Jun 14 2002,World Cup in Japan,Belgium,Russia,1830,1804,3,2,28,-28,1858,1776,12,32,4,-5,16,27,60,0,26
355,Jun 14 2002,World Cup in Japan,Japan,Tunisia,1863,1619,2,0,11,-11,1874,1608,13,54,1,-1,14,53,60,100,344
356,Jun 14 2002,World Cup in South Korea,Poland,United States,1677,1853,3,1,66,-66,1743,1787,29,34,6,-9,35,25,60,0,-176
357,Jun 14 2002,World Cup in South Korea,South Korea,Portugal,1764,1959,1,0,38,-38,1802,1921,16,14,6,-4,22,10,50,0,-195
358,Jun 15 2002,World Cup in Japan,England,Denmark,1941,1957,3,0,55,-55,1996,1902,-2,14,5,-4,3,10,60,0,-16
359,Jun 15 2002,World Cup in South Korea,Germany,Paraguay,1941,1749,1,0,15,-15,1956,1734,6,38,1,-2,7,36,60,0,192
360,Jun 16 2002,World Cup in South Korea,Ireland,Spain,1894,2008,1,1,10,-10,1904,1998,8,2,2,0,10,2,60,0,-114
361,Jun 16 2002,World Cup in Japan,Senegal,Sweden,1771,1897,2,1,40,-40,1811,1857,14,21,7,-5,21,16,60,0,-126
362,Jun 17 2002,World Cup in Japan,Brazil,Belgium,1946,1858,2,0,34,-34,1980,1824,2,27,3,-6,5,21,60,0,88
363,Jun 17 2002,World Cup in South Korea,United States,Mexico,1787,1890,2,0,58,-58,1845,1832,8,24,9,-6,17,18,60,0,-103
364,Jun 18 2002,World Cup in Japan,Japan,Turkey,1874,1778,0,1,-45,45,1829,1823,28,19,-8,4,20,23,60,100,196
365,Jun 18 2002,World Cup in South Korea,South Korea,Italy,1802,1971,2,1,36,-36,1838,1935,10,10,7,-2,17,8,50,0,-169
366,Jun 21 2002,World Cup in Japan,Brazil,England,1980,1996,2,1,31,-31,2011,1965,-3,9,4,-3,1,6,60,0,-16
367,Jun 21 2002,World Cup in South Korea,Germany,United States,1956,1845,1,0,21,-21,1977,1824,3,26,2,-5,5,21,60,0,111
368,Jun 22 2002,Friendly in Grenada,Grenada,British Virgin Islands,1305,876,5,0,2,-2,1307,874,130,202,0,0,130,202,20,100,529
369,Jun 22 2002,World Cup in South Korea,South Korea,Spain,1838,1998,0,0,5,-5,1843,1993,18,3,-1,0,17,3,60,100,-60
370,Jun 22 2002,World Cup in Japan,Turkey,Senegal,1823,1811,1,0,29,-29,1852,1782,5,30,9,-3,14,27,60,0,12
371,Jun 23 2002,Friendly in Saint Martin,Saint Martin,Anguilla,1087,538,1,0,0,0,1087,538,178,226,0,0,178,226,20,100,649
372,Jun 25 2002,Friendly tournament in Mozambique,Mozambique,Angola,1284,1505,1,1,5,-5,1289,1500,131,79,3,-2,134,77,30,100,-121
373,Jun 25 2002,World Cup in South Korea,South Korea,Germany,1843,1977,0,1,-27,27,1816,2004,29,1,-6,2,23,3,60,100,-34
374,Jun 26 2002,World Cup in Japan,Brazil,Turkey,2011,1852,1,0,17,-17,2028,1835,1,18,0,-2,1,16,60,0,159
375,Jun 29 2002,World Cup in South Korea,South Korea,Turkey,1816,1835,2,3,-37,37,1779,1872,31,8,-4,4,27,12,60,100,81
376,Jun 30 2002,Friendly in Bhutan,Bhutan,Montserrat,561,539,4,0,12,-12,573,527,224,227,0,-1,224,226,20,100,122
377,Jun 30 2002,World Cup in Japan,Brazil,Germany,2028,2004,2,0,42,-42,2070,1962,1,9,0,-3,1,6,60,0,24
378,Jul 3 2002,Friendly in Estonia,Estonia,Azerbaijan,1392,1289,0,0,-5,5,1387,1294,115,132,-3,1,112,133,20,100,203
379,Jul 5 2002,Oceania Nations Cup in New Zealand,New Zealand,Tahiti,1524,1346,4,0,16,-16,1540,1330,64,125,3,-2,67,123,50,100,278
380,Jul 5 2002,Oceania Nations Cup in New Zealand,Papua New Guinea,Solomon Islands,1094,1289,0,0,13,-13,1107,1276,167,143,5,-4,172,139,50,0,-195
381,Jul 6 2002,Oceania Nations Cup in New Zealand,Australia,Vanuatu,1828,1102,2,0,1,-1,1829,1101,18,176,1,0,19,176,30,0,726
382,Jul 6 2002,Friendly in the British Virgin Islands,British Virgin Islands,Anguilla,874,538,2,1,2,-2,876,536,202,225,0,0,202,225,20,100,436
383,Jul 6 2002,Oceania Nations Cup in New Zealand,Fiji,New Caledonia,1425,1130,2,1,8,-8,1433,1122,94,173,3,-3,97,170,50,0,295
384,Jul 6 2002,CONCACAF Champ qual in Grenada,Grenada,Saint Martin,1307,1087,8,3,11,-11,1318,1076,124,182,3,-2,127,180,40,100,320
385,Jul 6 2002,Friendly in Latvia,Latvia,Azerbaijan,1432,1294,0,0,-6,6,1426,1300,103,131,-3,1,100,132,20,100,238
386,Jul 6 2002,COSAFA Cup in Zambia,Zambia,Mozambique,1472,1289,3,0,11,-11,1483,1278,84,139,1,-2,85,137,40,100,283
387,Jul 7 2002,CONCACAF Champ qual in Guadeloupe,Guadeloupe,Puerto Rico,1327,886,4,0,3,-3,1330,883,123,199,1,0,124,199,20,0,441
388,Jul 7 2002,Friendly in Kazakhstan,Kazakhstan,Estonia,1458,1387,1,1,-5,5,1453,1392,90,106,0,3,90,109,20,100,171
389,Jul 7 2002,Friendly in Malawi,Malawi,Zimbabwe,1303,1464,3,2,12,-12,1315,1452,127,95,2,-4,129,91,20,100,-61
390,Jul 7 2002,Oceania Nations Cup in New Zealand,New Zealand,Papua New Guinea,1540,1107,9,1,5,-5,1545,1102,65,178,1,-3,66,175,30,0,433
391,Jul 7 2002,Oceania Nations Cup in New Zealand,Tahiti,Solomon Islands,1330,1276,3,2,21,-21,1351,1255,117,151,3,-6,120,145,50,0,54
392,Jul 8 2002,Oceania Nations Cup in New Zealand,Australia,New Caledonia,1829,1122,11,0,2,-2,1831,1120,17,172,1,-1,18,171,40,0,707
393,Jul 8 2002,Friendly in Malawi,Malawi,Zimbabwe,1315,1452,2,2,1,-1,1316,1451,129,91,0,0,129,91,20,100,-37
394,Jul 8 2002,Oceania Nations Cup in New Zealand,Vanuatu,Fiji,1101,1433,1,0,44,-44,1145,1389,148,125,14,-14,162,111,50,0,-332
395,Jul 9 2002,Oceania Nations Cup in New Zealand,New Zealand,Solomon Islands,1545,1255,6,1,10,-10,1555,1245,64,149,1,-2,65,147,30,0,290
396,Jul 9 2002,Oceania Nations Cup in New Zealand,Tahiti,Papua New Guinea,1351,1102,3,1,14,-14,1365,1088,112,178,4,-1,116,177,50,0,249
397,Jul 10 2002,Oceania Nations Cup in New Zealand,Australia,Fiji,1831,1389,8,0,9,-9,1840,1380,16,115,1,-2,17,113,50,0,442
398,Jul 10 2002,Oceania Nations Cup in New Zealand,Vanuatu,New Caledonia,1145,1120,1,0,23,-23,1168,1097,156,179,3,-4,159,175,50,0,25
399,Jul 12 2002,Oceania Nations Cup in New Zealand,Australia,Tahiti,1840,1365,2,1,3,-3,1843,1362,17,118,0,-1,17,117,50,0,475
400,Jul 12 2002,Oceania Nations Cup in New Zealand,New Zealand,Vanuatu,1555,1168,3,0,5,-5,1560,1163,61,163,2,-2,63,161,30,0,387
401,Jul 14 2002,CONCACAF Champ qual in the British Virgin Islands,British Virgin Islands,Saint Lucia,876,1259,1,3,-10,10,866,1269,204,137,-1,3,203,140,40,100,-283
402,Jul 14 2002,Oceania Nations Cup in New Zealand,New Zealand,Australia,1560,1843,1,0,37,-37,1597,1806,51,27,6,-5,57,22,50,100,-183
403,Jul 14 2002,Oceania Nations Cup in New Zealand,Tahiti,Vanuatu,1362,1163,1,0,12,-12,1374,1151,113,163,2,-1,115,162,50,0,199
404,Jul 16 2002,Friendly in Malaysia,Malaysia,Singapore,1271,1206,1,2,-14,14,1257,1220,147,150,-4,3,143,153,20,100,165
405,Jul 19 2002,Friendly in Iraq,Iraq,Syria,1563,1446,2,0,7,-7,1570,1439,61,96,1,-1,62,95,20,100,217
406,Jul 21 2002,CONCACAF Champ qual in Puerto Rico,Puerto Rico,Guadeloupe,883,1330,0,2,-7,7,876,1337,203,122,-2,1,201,123,40,100,-347
407,Jul 21 2002,COSAFA Cup in South Africa,South Africa,Madagascar,1679,1363,0,0,-17,17,1662,1380,47,109,-3,4,44,113,40,100,416
408,Jul 22 2002,Friendly in Iraq,Iraq,Syria,1570,1439,2,1,4,-4,1574,1435,62,97,0,-1,62,96,20,100,231
409,Jul 25 2002,Friendly tournament in Saint Kitts and Nevis,Barbados,Trinidad and Tobago,1318,1551,0,0,9,-9,1327,1542,125,66,1,0,126,66,30,0,-233
410,Jul 25 2002,Friendly tournament in Saint Kitts and Nevis,Saint Kitts and Nevis,Taiwan,1350,1002,3,0,4,-4,1354,998,121,188,0,0,121,188,20,0,348
411,Jul 26 2002,Friendly tournament in Sudan,Ethiopia,Uganda,1412,1315,0,0,-4,4,1408,1319,105,126,-1,2,104,128,30,0,97
412,Jul 26 2002,Friendly tournament in Sudan,Sudan,Chad,1383,1292,2,0,11,-11,1394,1281,104,136,4,-1,108,135,20,0,91
413,Jul 27 2002,Friendly tournament in Saint Kitts and Nevis,Saint Kitts and Nevis,Barbados,1354,1327,3,0,17,-17,1371,1310,113,134,4,-4,117,130,30,100,127
414,Jul 27 2002,Friendly tournament in Saint Kitts and Nevis,Taiwan,Trinidad and Tobago,998,1542,1,0,29,-29,1027,1513,184,80,2,-7,186,73,30,0,-544
415,Jul 28 2002,CONCACAF Champ qual in Aruba,Aruba,Suriname,979,1266,0,2,-15,15,964,1281,191,132,-1,4,190,136,40,100,-187
416,Jul 28 2002,Friendly tournament in Sudan,Chad,Ethiopia,1281,1408,3,2,20,-20,1301,1388,129,120,3,-8,132,112,30,0,-127
417,Jul 28 2002,CONCACAF Champ qual in Guyana,Guyana,Netherlands Antilles,1097,1167,2,1,18,-18,1115,1149,167,165,4,-3,171,162,30,0,-70
418,Jul 28 2002,Friendly tournament in Saint Kitts and Nevis,Saint Kitts and Nevis,Trinidad and Tobago,1371,1513,2,1,17,-17,1388,1496,107,85,5,-6,112,79,30,100,-42
419,Jul 28 2002,CONCACAF Champ qual in Saint Lucia,Saint Lucia,British Virgin Islands,1269,866,8,1,5,-5,1274,861,141,205,-1,-1,140,204,40,100,503
420,Jul 28 2002,Friendly tournament in Sudan,Sudan,Uganda,1394,1319,2,1,8,-8,1402,1311,102,131,3,-2,105,129,20,0,75
421,Jul 30 2002,Friendly in Grenada,Grenada,Taiwan,1318,1027,5,2,3,-3,1321,1024,127,186,0,0,127,186,20,100,391
422,Jul 30 2002,Friendly tournament in Sudan,Sudan,Ethiopia,1402,1388,3,0,18,-18,1420,1370,99,124,3,-6,102,118,30,100,114
423,Jul 30 2002,Friendly tournament in Sudan,Uganda,Chad,1311,1301,2,0,22,-22,1333,1279,119,142,5,-5,124,137,30,0,10
424,Aug 1 2002,Friendly in Swaziland,Swaziland,Mauritius,1243,1231,0,1,-13,13,1230,1244,156,144,-4,4,152,148,20,100,112
425,Aug 2 2002,Friendly in Grenada,Grenada,Jamaica,1321,1524,0,1,-7,7,1314,1531,131,68,-2,1,129,69,20,100,-103
426,Aug 3 2002,Friendly in Kenya,Kenya,Uganda,1401,1333,0,0,-4,4,1397,1337,106,122,0,1,106,123,20,100,168
427,Aug 3 2002,Friendly in Swaziland,Swaziland,Mauritius,1230,1244,0,0,-2,2,1228,1246,152,144,0,2,152,146,20,100,86
428,Aug 4 2002,CONCACAF Champ qual in Saint Martin,Saint Martin,Grenada,1076,1314,1,7,-26,26,1050,1340,186,117,-3,6,183,123,40,100,-138
429,Aug 8 2002,Friendly in Egypt,Egypt,Ethiopia,1629,1370,4,1,4,-4,1633,1366,49,118,0,0,49,118,20,100,359
430,Aug 10 2002,Friendly in Iran,Iran,Azerbaijan,1757,1300,1,1,-9,9,1748,1309,36,130,-3,1,33,131,20,0,457
431,Aug 10 2002,COSAFA Cup in Malawi,Malawi,Zambia,1316,1483,1,0,24,-24,1340,1459,117,91,6,-3,123,88,40,100,-67
432,Aug 11 2002,CONCACAF Champ qual in the Netherlands Antilles,Netherlands Antilles,Guyana,1149,1115,1,0,13,-13,1162,1102,158,179,2,-4,160,175,40,100,134
433,Aug 11 2002,Friendly in Saint Lucia,Saint Lucia,Jamaica,1274,1531,1,3,-9,9,1265,1540,140,65,0,2,140,67,20,100,-157
434,Aug 11 2002,CONCACAF Champ qual in Suriname,Suriname,Aruba,1281,964,6,0,7,-7,1288,957,133,190,1,0,134,190,40,100,417
435,Aug 16 2002,CONCACAF Champ qual in the Dominican Republic,Dominican Republic,US Virgin Islands,1127,697,6,1,4,-4,1131,693,165,216,2,0,167,216,40,100,530
436,Aug 17 2002,Friendly in Jordan,Jordan,Kenya,1379,1397,1,1,-2,2,1377,1399,115,106,0,0,115,106,20,100,82
437,Aug 18 2002,CONCACAF Champ qual in the Dominican Republic,Dominican Republic,US Virgin Islands,1131,693,5,1,3,-3,1134,690,167,216,0,0,167,216,20,0,438
438,Aug 19 2002,Friendly in Jordan,Jordan,Sudan,1377,1420,0,0,-2,2,1375,1422,115,100,0,1,115,101,20,100,57
439,Aug 20 2002,Friendly in Algeria,Algeria,DR Congo,1491,1461,1,1,-4,4,1487,1465,86,85,-2,1,84,86,20,100,130
440,Aug 20 2002,Friendly in Egypt,Egypt,Uganda,1633,1337,2,0,3,-3,1636,1334,49,127,0,-1,49,126,20,100,396
441,Aug 21 2002,Friendly in Azerbaijan,Azerbaijan,Uzbekistan,1309,1493,2,0,19,-19,1328,1474,125,89,3,-4,128,85,20,100,-84
442,Aug 21 2002,Friendly in Bosnia and Herzegovina,Bosnia and Herzegovina,Yugoslavia,1524,1798,0,2,-8,8,1516,1806,73,20,-1,2,72,22,20,100,-174
443,Aug 21 2002,Friendly in Brazil,Brazil,Paraguay,2070,1734,0,1,-18,18,2052,1752,1,30,0,3,1,33,20,100,436
444,Aug 21 2002,Friendly in Bulgaria,Bulgaria,Germany,1669,1962,2,2,5,-5,1674,1957,39,6,2,0,41,6,20,100,-193
445,Aug 21 2002,Friendly in Croatia,Croatia,Wales,1846,1580,1,1,-8,8,1838,1588,16,61,0,-1,16,60,20,100,366
446,Aug 21 2002,Friendly in Czechia,Czechia,Slovakia,1847,1704,4,1,7,-7,1854,1697,15,38,0,0,15,38,20,100,243
447,Aug 21 2002,Friendly in Estonia,Estonia,Moldova,1392,1360,1,0,6,-6,1398,1354,106,123,1,-2,107,121,20,100,132
448,Aug 21 2002,Friendly in the Faroe Islands,Faroe Islands,Liechtenstein,1248,1061,3,1,5,-5,1253,1056,145,181,0,0,145,181,20,100,287
449,Aug 21 2002,Friendly in Finland,Finland,Ireland,1733,1904,0,3,-14,14,1719,1918,37,8,0,1,37,9,20,100,-71
450,Aug 21 2002,Friendly in Hungary,Hungary,Spain,1556,1993,1,1,7,-7,1563,1986,64,3,0,0,64,3,20,100,-337
451,Aug 21 2002,Friendly in Iceland,Iceland,Andorra,1601,1077,3,0,1,-1,1602,1076,54,179,0,0,54,179,20,100,624
452,Aug 21 2002,Friendly in Italy,Italy,Slovenia,1935,1645,0,1,-18,18,1917,1663,12,43,-2,2,10,45,20,100,390
453,Aug 21 2002,Friendly in Latvia,Latvia,Belarus,1426,1578,2,4,-13,13,1413,1591,107,56,-4,2,103,58,20,100,-52
454,Aug 21 2002,Friendly in Lithuania,Lithuania,Israel,1389,1661,2,4,-8,8,1381,1669,113,43,-1,1,112,44,20,100,-172
455,Aug 21 2002,Friendly in Luxembourg,Luxembourg,Morocco,1107,1619,0,2,-3,3,1104,1622,174,52,-1,0,173,52,20,100,-412
456,Aug 21 2002,Friendly in Macedonia,Macedonia,Malta,1463,1265,5,0,6,-6,1469,1259,85,144,1,-2,86,142,20,100,298
457,Aug 21 2002,Friendly in Mauritius,Mauritius,Runion,1246,1277,1,1,-2,2,1244,1279,150,135,-2,2,148,137,20,100,69
458,Aug 21 2002,Friendly in Norway,Norway,Netherlands,1755,2010,0,1,-6,6,1749,2016,38,2,-4,0,34,2,20,100,-155
459,Aug 21 2002,Friendly in Northern Ireland,Northern Ireland,Cyprus,1525,1501,0,0,-3,3,1522,1504,70,73,0,1,70,74,20,100,124
460,Aug 21 2002,Friendly in Poland,Poland,Belgium,1743,1824,1,1,-1,1,1742,1825,36,18,-1,1,35,19,20,100,19
461,Aug 21 2002,Friendly in Romania,Romania,Greece,1831,1677,0,1,-16,16,1815,1693,24,37,-3,2,21,39,20,100,254
462,Aug 21 2002,Friendly in Russia,Russia,Sweden,1776,1857,1,1,-1,1,1775,1858,28,14,0,0,28,14,20,100,19
463,Aug 21 2002,Friendly in Scotland,Scotland,Denmark,1677,1902,0,1,-7,7,1670,1909,45,11,-2,0,43,11,20,100,-125
464,Aug 21 2002,Friendly in Switzerland,Switzerland,Austria,1654,1680,3,2,8,-8,1662,1672,46,44,0,-2,46,42,20,100,74
465,Aug 21 2002,Friendly in Tunisia,Tunisia,France,1608,1962,1,1,6,-6,1614,1956,53,8,0,-1,53,7,20,100,-254
466,Aug 21 2002,Friendly in Turkey,Turkey,Georgia,1872,1601,3,0,4,-4,1876,1597,12,58,0,-2,12,56,20,100,371
467,Aug 21 2002,Friendly in Ukraine,Ukraine,Iran,1688,1748,0,1,-11,11,1677,1759,41,25,-1,4,40,29,20,100,40
468,Aug 21 2002,Friendly in Venezuela,Venezuela,Bolivia,1567,1556,2,0,10,-10,1577,1546,59,66,2,-1,61,65,20,100,111
469,Aug 23 2002,Friendly in Egypt,Egypt,Sudan,1636,1422,3,0,5,-5,1641,1417,49,102,0,-1,49,101,20,100,314
470,Aug 24 2002,Friendly in Rwanda,Rwanda,Kenya,1321,1399,0,0,-1,1,1320,1400,130,106,0,0,130,106,20,100,22
471,Aug 24 2002,COSAFA Cup in South Africa,South Africa,Swaziland,1662,1228,4,1,3,-3,1665,1225,44,152,1,0,45,152,20,0,434
472,Aug 25 2002,Friendly in Angola,Angola,Gabon,1500,1451,1,0,6,-6,1506,1445,72,95,2,-2,74,93,20,100,149
473,Aug 25 2002,Friendly in Congo,Congo,DR Congo,1371,1465,1,3,-15,15,1356,1480,123,83,-3,2,120,85,20,100,6
474,Aug 25 2002,Friendly in The Gambia,Gambia,Sierra Leone,1328,1297,1,0,6,-6,1334,1291,124,133,2,0,126,133,20,100,131
475,Aug 26 2002,Friendly in Botswana,Botswana,Lesotho,1157,1139,0,1,-13,13,1144,1152,165,156,-2,5,163,161,20,100,118
476,Aug 27 2002,Friendly in Egypt,Egypt,Libya,1641,1344,0,1,-18,18,1623,1362,51,114,-1,4,50,118,20,100,397
477,Aug 29 2002,Friendly in England,Jamaica,India,1540,1128,3,0,3,-3,1543,1125,65,171,1,-1,66,170,20,0,412
478,Aug 30 2002,West Asian Championship in Syria,Jordan,Iran,1375,1759,1,0,36,-36,1411,1723,95,43,10,-7,105,36,40,0,-384
479,Aug 30 2002,West Asian Championship in Syria,Syria,Palestine,1435,1246,2,1,6,-6,1441,1240,94,154,1,-4,95,150,40,100,289
480,Aug 30 2002,Friendly in Zimbabwe,Zimbabwe,Lesotho,1451,1152,2,0,3,-3,1454,1149,89,163,1,-1,90,162,20,100,399
481,Aug 31 2002,Friendly in Uganda,Uganda,Zambia,1334,1459,2,2,1,-1,1335,1458,126,88,0,0,126,88,20,100,-25
482,Sep 1 2002,Friendly in Congo,Congo,Gabon,1356,1445,0,0,0,0,1356,1445,121,93,0,0,121,93,20,100,11
483,Sep 1 2002,Friendly in The Gambia,Gambia,Guinea,1334,1489,1,0,12,-12,1346,1477,119,88,4,-3,123,85,20,100,-55
484,Sep 1 2002,Friendly in England,India,Jamaica,1125,1543,0,0,8,-8,1133,1535,166,68,2,-1,168,67,20,0,-418
485,Sep 1 2002,West Asian Championship in Syria,Iraq,Palestine,1574,1240,2,0,8,-8,1582,1232,59,152,2,-1,61,151,40,0,334
486,Sep 1 2002,West Asian Championship in Syria,Jordan,Lebanon,1411,1392,1,0,19,-19,1430,1373,89,122,8,-6,97,116,40,0,19
487,Sep 2 2002,Friendly in Libya,Libya,Togo,1362,1497,4,0,21,-21,1383,1476,106,92,6,-7,112,85,20,100,-35
488,Sep 2 2002,Friendly in Tanzania,Tanzania,Zanzibar,1288,1144,1,1,-6,6,1282,1150,136,161,-1,1,135,162,20,100,244
489,Sep 3 2002,West Asian Championship in Syria,Iran,Lebanon,1723,1373,2,0,7,-7,1730,1366,36,117,0,0,36,117,40,0,350
490,Sep 3 2002,West Asian Championship in Syria,Syria,Iraq,1441,1582,0,1,-18,18,1423,1600,103,49,-4,6,99,55,40,100,-41
491,Sep 5 2002,West Asian Championship in Syria,Iran,Iraq,1730,1600,0,0,-7,7,1723,1607,36,53,0,1,36,54,40,0,130
492,Sep 5 2002,Friendly in Luxembourg,Luxembourg,Israel,1104,1669,0,5,-3,3,1101,1672,177,40,-2,2,175,42,20,100,-465
493,Sep 5 2002,West Asian Championship in Syria,Syria,Jordan,1423,1430,1,2,-25,25,1398,1455,115,82,-8,7,107,89,40,100,93
494,Sep 6 2002,Friendly in Czechia,Czechia,Yugoslavia,1854,1806,5,0,12,-12,1866,1794,13,28,1,-3,14,25,20,100,148
495,Sep 6 2002,African Nations Cup qualifier in Mauritania,Mauritania,Cape Verde,1142,1332,0,2,-22,22,1120,1354,175,116,-5,6,170,122,40,100,-90
496,Sep 7 2002,European Championship qual in Armenia,Armenia,Ukraine,1415,1677,2,2,9,-9,1424,1668,100,46,1,-3,101,43,40,100,-162
497,Sep 7 2002,European Championship qual in Austria,Austria,Moldova,1672,1354,2,0,5,-5,1677,1349,38,124,2,-1,40,123,40,100,418
498,Sep 7 2002,European Championship qual in Azerbaijan,Azerbaijan,Italy,1328,1917,0,2,-3,3,1325,1920,131,8,-1,1,130,9,30,100,-489
499,Sep 7 2002,European Championship qual in Belgium,Belgium,Bulgaria,1825,1674,0,2,-49,49,1776,1723,35,31,-8,5,27,36,40,100,251
500,Sep 7 2002,European Championship qual in Bosnia and Herzegovina,Bosnia and Herzegovina,Romania,1516,1815,0,3,-17,17,1499,1832,80,11,-4,5,76,16,40,100,-199
501,Sep 7 2002,African Nations Cup qualifier in Botswana,Botswana,Swaziland,1144,1225,0,0,-1,1,1143,1226,164,152,0,0,164,152,20,100,19
502,Sep 7 2002,European Championship qual in Croatia,Croatia,Estonia,1838,1398,0,0,-18,18,1820,1416,24,103,-4,2,20,105,40,100,540
503,Sep 7 2002,European Championship qual in Cyprus,Cyprus,France,1504,1956,1,2,-5,5,1499,1961,77,3,-1,2,76,5,40,100,-352
504,Sep 7 2002,Friendly in England,England,Portugal,1965,1921,1,1,-4,4,1961,1925,5,8,0,0,5,8,20,100,144
505,Sep 7 2002,European Championship qual in the Faroe Islands,Faroe Islands,Scotland,1253,1670,2,2,14,-14,1267,1656,135,50,5,-3,140,47,40,100,-317
506,Sep 7 2002,European Championship qual in Finland,Finland,Wales,1719,1588,0,2,-47,47,1672,1635,45,39,-4,11,41,50,40,100,231
507,Sep 7 2002,African Nations Cup qualifier in Gabon,Gabon,Morocco,1445,1622,0,1,-16,16,1429,1638,102,46,-4,3,98,49,40,100,-77
508,Sep 7 2002,European Championship qual in Greece,Greece,Spain,1693,1986,0,2,-15,15,1678,2001,39,3,0,0,39,3,40,100,-193
509,Sep 7 2002,Friendly in Iceland,Iceland,Hungary,1602,1563,0,2,-21,21,1581,1584,69,58,-7,3,62,61,20,100,139
510,Sep 7 2002,West Asian Championship in Syria,Iraq,Jordan,1607,1455,3,2,12,-12,1619,1443,52,95,1,-3,53,92,40,0,152
511,Sep 7 2002,African Nations Cup qualifier in Kenya,Kenya,Togo,1400,1476,3,0,33,-33,1433,1443,88,99,9,-7,97,92,40,100,24
512,Sep 7 2002,Friendly in Kosovo,Kosovo,Albania,1390,1430,0,1,-12,12,1378,1442,118,91,-4,3,114,94,20,100,60
513,Sep 7 2002,European Championship qual in Latvia,Latvia,Sweden,1413,1858,0,0,15,-15,1428,1843,97,15,3,0,100,15,40,100,-345
514,Sep 7 2002,European Championship qual in Lithuania,Lithuania,Germany,1381,1957,0,2,-4,4,1377,1961,117,4,-2,1,115,5,40,100,-476
515,Sep 7 2002,African Nations Cup qualifier in Madagascar,Madagascar,Egypt,1380,1623,1,0,28,-28,1408,1595,102,66,6,-8,108,58,40,100,-143
516,Sep 7 2002,African Nations Cup qualifier in Namibia,Namibia,Algeria,1211,1487,0,1,-11,11,1200,1498,156,77,0,2,156,79,40,100,-176
517,Sep 7 2002,European Championship qual in the Netherlands,Netherlands,Belarus,2016,1591,3,0,3,-3,2019,1588,2,61,0,-1,2,60,20,0,425
518,Sep 7 2002,African Nations Cup qualifier in Niger,Niger,Ethiopia,1309,1366,3,1,26,-26,1335,1340,126,133,3,-8,129,125,30,0,-57
519,Sep 7 2002,European Championship qual in Norway,Norway,Denmark,1749,1909,2,2,3,-3,1752,1906,31,9,1,1,32,10,30,100,-60
520,Sep 7 2002,European Championship qual in Russia,Russia,Ireland,1775,1918,4,2,34,-34,1809,1884,14,15,7,-3,21,12,40,100,-43
521,Sep 7 2002,European Championship qual in San Marino,San Marino,Poland,950,1742,0,2,-1,1,949,1743,191,34,0,0,191,34,20,100,-692
522,Sep 7 2002,European Championship qual in Slovenia,Slovenia,Malta,1663,1259,3,0,4,-4,1667,1255,42,148,2,-3,44,145,40,100,504
523,Sep 7 2002,Friendly in South Korea,South Korea,North Korea,1779,1491,0,0,-8,8,1771,1499,29,72,-1,4,28,76,20,100,388
524,Sep 7 2002,West Asian Championship in Syria,Syria,Iran,1398,1723,2,2,11,-11,1409,1712,107,38,0,-1,107,37,30,0,-325
525,Sep 7 2002,European Championship qual in Turkey,Turkey,Slovakia,1876,1697,3,0,12,-12,1888,1685,10,38,1,0,11,38,40,100,279
526,Sep 7 2002,African Nations Cup qualifier in Uganda,Uganda,Ghana,1335,1533,1,0,25,-25,1360,1508,108,73,10,-2,118,71,40,100,-98
527,Sep 8 2002,African Nations Cup qualifier in Angola,Angola,Nigeria,1506,1753,0,0,8,-8,1514,1745,69,36,2,-3,71,33,40,100,-147
528,Sep 8 2002,African Nations Cup qualifier in Benin,Benin,Tanzania,1242,1282,4,0,31,-31,1273,1251,129,157,10,-11,139,146,30,0,-40
529,Sep 8 2002,African Nations Cup qualifier in Congo,Congo,Burkina Faso,1356,1404,0,0,-3,3,1353,1407,123,107,-1,1,122,108,40,100,52
530,Sep 8 2002,African Nations Cup qualifier in Equatorial Guinea,Equatorial Guinea,Sierra Leone,1036,1291,1,3,-17,17,1019,1308,187,133,-1,0,186,133,40,100,-155
531,Sep 8 2002,African Nations Cup qualifier in Guinea,Guinea,Liberia,1477,1507,3,0,28,-28,1505,1479,62,94,11,-11,73,83,40,100,70
532,Sep 8 2002,African Nations Cup qualifier in Ivory Coast,Ivory Coast,South Africa,1541,1665,0,0,1,-1,1542,1664,66,47,0,-1,66,46,20,100,-24
533,Sep 8 2002,African Nations Cup qualifier in Lesotho,Lesotho,Senegal,1149,1782,0,1,-2,2,1147,1784,161,26,1,0,162,26,40,100,-533
534,Sep 8 2002,African Nations Cup qualifier in Libya,Libya,DR Congo,1383,1480,3,2,20,-20,1403,1460,106,91,3,-4,109,87,40,100,3
535,Sep 8 2002,European Championship qual in Liechtenstein,Liechtenstein,Macedonia,1056,1469,1,1,14,-14,1070,1455,179,90,1,-2,180,88,40,100,-313
536,Sep 8 2002,African Nations Cup qualifier in the Seychelles,Seychelles,Eritrea,976,1171,1,0,25,-25,1001,1146,189,168,0,-5,189,163,40,100,-95
537,Sep 8 2002,African Nations Cup qualifier in Sudan,Sudan,Zambia,1417,1458,0,1,-23,23,1394,1481,118,77,-7,5,111,82,40,100,59
538,Sep 8 2002,European Championship qual in Switzerland,Switzerland,Georgia,1662,1597,4,1,20,-20,1682,1577,32,68,7,-6,39,62,40,100,165
539,Sep 8 2002,African Nations Cup qualifier in Zimbabwe,Zimbabwe,Mali,1454,1481,1,0,16,-16,1470,1465,81,90,4,-4,85,86,30,0,-27
540,Sep 9 2002,African Nations Cup qualifier in Central African Republic,Central African Republic,Mozambique,1243,1278,1,1,-4,4,1239,1282,149,132,0,3,149,135,40,100,65
541,Sep 19 2002,Friendly tournament in Iran,Iran,Paraguay,1712,1752,1,1,-3,3,1709,1755,37,29,0,1,37,30,30,100,60
542,Sep 21 2002,COSAFA Cup in Malawi,Malawi,South Africa,1340,1664,1,3,-13,13,1327,1677,133,36,-4,5,129,41,40,100,-224
543,Sep 24 2002,Friendly in Algeria,Algeria,Uganda,1498,1360,1,1,-6,6,1492,1366,83,116,-2,1,81,117,20,100,238
544,Sep 25 2002,Friendly in Oman,Oman,United Arab Emirates,1429,1423,2,1,7,-7,1436,1416,94,104,2,-1,96,103,20,100,106
545,Sep 26 2002,Friendly in Mauritius,Mauritius,Seychelles,1244,1001,1,0,2,-2,1246,999,146,189,1,0,147,189,20,100,343
546,Sep 28 2002,COSAFA Cup in South Africa,South Africa,Malawi,1677,1327,1,0,3,-3,1680,1324,39,131,1,-1,40,130,40,100,450
547,Sep 28 2002,Friendly in Zimbabwe,Zimbabwe,Zambia,1470,1481,0,0,-3,3,1467,1484,85,82,0,0,85,82,20,100,89
548,Oct 2 2002,Friendly in Mali,Mali,Mauritania,1465,1120,2,1,1,-1,1466,1119,86,170,0,0,86,170,20,100,445
549,Oct 3 2002,Friendly in Morocco,Morocco,Niger,1638,1335,6,1,4,-4,1642,1331,49,128,0,0,49,128,20,100,403
550,Oct 5 2002,Friendly in Mali,Mali,Mauritania,1466,1119,2,0,2,-2,1468,1117,84,170,1,0,85,170,20,100,447
551,Oct 6 2002,Friendly in Barbados,Barbados,Saint Lucia,1310,1265,3,2,6,-6,1316,1259,132,143,0,-1,132,142,20,100,145
552,Oct 6 2002,Friendly in Swaziland,Swaziland,Lesotho,1226,1147,0,0,-5,5,1221,1152,152,158,0,2,152,160,20,100,179
553,Oct 8 2002,Friendly in Ghana,Ghana,Lesotho,1508,1152,2,1,1,-1,1509,1151,72,160,0,0,72,160,20,100,456
554,Oct 9 2002,Friendly in Martinique,Martinique,Saint Lucia,1412,1259,4,0,7,-7,1419,1252,101,148,2,-3,103,145,20,100,253
555,Oct 11 2002,African Nations Cup qualifier in Algeria,Algeria,Chad,1492,1279,4,1,10,-10,1502,1269,69,141,6,-2,75,139,40,100,313
556,Oct 11 2002,Friendly in Bosnia and Herzegovina,Bosnia and Herzegovina,Germany,1499,1961,1,1,8,-8,1507,1953,70,9,3,-2,73,7,20,100,-362
557,Oct 12 2002,European Championship qual in Albania,Albania,Switzerland,1442,1682,1,1,8,-8,1450,1674,92,49,1,-5,93,44,40,100,-140
558,Oct 12 2002,European Championship qual in Andorra,Andorra,Belgium,1076,1776,0,1,-1,1,1075,1777,179,29,0,-1,179,28,20,100,-600
559,Oct 12 2002,European Championship qual in Belarus,Belarus,Austria,1588,1677,0,2,-31,31,1557,1708,67,32,-4,5,63,37,40,100,11
560,Oct 12 2002,European Championship qual in Bulgaria,Bulgaria,Croatia,1723,1820,2,0,30,-30,1753,1790,28,30,4,-5,32,25,40,100,3
561,Oct 12 2002,African Nations Cup qualifier in Cape Verde,Cape Verde,Kenya,1354,1433,0,1,-21,21,1333,1454,137,82,-8,8,129,90,40,100,21
562,Oct 12 2002,European Championship qual in Denmark,Denmark,Luxembourg,1906,1101,2,0,0,0,1906,1101,10,175,0,0,10,175,20,0,805
563,Oct 12 2002,African Nations Cup qualifier in Eritrea,Eritrea,Zimbabwe,1146,1467,0,1,-9,9,1137,1476,167,80,-2,3,165,83,40,100,-221
564,Oct 12 2002,European Championship qual in Finland,Finland,Azerbaijan,1672,1325,3,0,5,-5,1677,1320,43,133,0,-2,43,131,40,100,447
565,Oct 12 2002,European Championship qual in France,France,Slovenia,1961,1667,5,0,8,-8,1969,1659,7,46,-1,0,6,46,40,100,394
566,Oct 12 2002,European Championship qual in Georgia,Georgia,Russia,1577,1809,0,0,7,-7,1584,1802,58,23,2,-1,60,22,40,100,-132
567,Oct 12 2002,European Championship qual in Iceland,Iceland,Scotland,1581,1656,0,2,-32,32,1549,1688,67,33,-3,7,64,40,40,100,25
568,Oct 12 2002,European Championship qual in Italy,Italy,Yugoslavia,1920,1794,1,1,-11,11,1909,1805,9,15,0,5,9,20,40,100,226
569,Oct 12 2002,African Nations Cup qualifier in Liberia,Liberia,Niger,1479,1331,1,0,8,-8,1487,1323,81,132,1,-2,82,130,40,100,248
570,Oct 12 2002,European Championship qual in Lithuania,Lithuania,Faroe Islands,1377,1267,2,0,14,-14,1391,1253,109,146,3,-3,112,143,40,100,210
571,Oct 12 2002,European Championship qual in Macedonia,Macedonia,Turkey,1455,1888,1,2,-5,5,1450,1893,98,11,-5,0,93,11,40,100,-333
572,Oct 12 2002,African Nations Cup qualifier in Malawi,Malawi,Angola,1324,1514,1,0,25,-25,1349,1489,114,91,8,-10,122,81,40,100,-90
573,Oct 12 2002,European Championship qual in Malta,Malta,Israel,1255,1672,0,2,-8,8,1247,1680,146,39,-1,2,145,41,40,100,-317
574,Oct 12 2002,African Nations Cup qualifier in Mauritius,Mauritius,Madagascar,1246,1408,0,1,-16,16,1230,1424,155,93,-4,7,151,100,40,100,-62
575,Oct 12 2002,European Championship qual in Moldova,Moldova,Czechia,1349,1866,0,2,-5,5,1344,1871,125,14,-1,0,124,14,40,100,-417
576,Oct 12 2002,European Championship qual in Poland,Poland,Latvia,1743,1428,0,1,-37,37,1706,1465,42,74,-4,13,38,87,40,100,415
577,Oct 12 2002,Friendly in Portugal,Portugal,Tunisia,1925,1614,1,1,-8,8,1917,1622,8,52,0,1,8,53,20,100,411
578,Oct 12 2002,European Championship qual in Romania,Romania,Norway,1832,1752,0,1,-30,30,1802,1782,28,20,-6,6,22,26,40,100,180
579,Oct 12 2002,Friendly in Senegal,Senegal,Nigeria,1784,1745,2,2,-4,4,1780,1749,28,35,-1,-1,27,34,20,100,139
580,Oct 12 2002,African Nations Cup qualifier in Sierra Leone,Sierra Leone,Gabon,1308,1429,2,0,32,-32,1340,1397,117,121,8,-11,125,110,40,100,-21
581,Oct 12 2002,European Championship qual in Slovakia,Slovakia,England,1685,1961,1,2,-11,11,1674,1972,50,5,-6,0,44,5,40,100,-176
582,Oct 12 2002,European Championship qual in Spain,Spain,Northern Ireland,2001,1522,3,0,2,-2,2003,1520,3,69,0,0,3,69,20,0,479
583,Oct 12 2002,European Championship qual in Sweden,Sweden,Hungary,1843,1584,1,1,-16,16,1827,1600,19,50,-2,5,17,55,40,100,359
584,Oct 12 2002,African Nations Cup qualifier in Tanzania,Tanzania,Sudan,1251,1394,1,2,-18,18,1233,1412,152,101,-3,5,149,106,40,100,-43
585,Oct 12 2002,African Nations Cup qualifier in Togo,Togo,Mauritania,1443,1117,1,0,3,-3,1446,1114,98,170,-3,0,95,170,20,0,326
586,Oct 12 2002,European Championship qual in Ukraine,Ukraine,Greece,1668,1678,2,0,22,-22,1690,1656,33,53,6,-6,39,47,40,100,90
587,Oct 12 2002,African Nations Cup qualifier in Zambia,Zambia,Benin,1484,1273,1,1,-14,14,1470,1287,88,132,-3,3,85,135,40,100,311
588,Oct 13 2002,African Nations Cup qualifier in Burkina Faso,Burkina Faso,Central African Republic,1407,1239,2,1,7,-7,1414,1232,104,153,2,-3,106,150,40,100,268
589,Oct 13 2002,African Nations Cup qualifier in the Dem Rep of the Congo,DR Congo,Botswana,1460,1143,2,0,5,-5,1465,1138,86,163,1,0,87,163,40,100,417
590,Oct 13 2002,Friendly in Estonia,Estonia,New Zealand,1416,1597,3,2,12,-12,1428,1585,96,61,4,-2,100,59,20,100,-81
591,Oct 13 2002,African Nations Cup qualifier in Ethiopia,Ethiopia,Guinea,1340,1505,1,0,24,-24,1364,1481,115,91,5,-9,120,82,40,100,-65
592,Oct 13 2002,African Nations Cup qualifier in The Gambia,Gambia,Lesotho,1346,1151,6,0,13,-13,1359,1138,119,166,2,-3,121,163,40,100,295
593,Oct 13 2002,African Nations Cup qualifier in Ghana,Ghana,Rwanda,1509,1320,4,2,10,-10,1519,1310,69,135,1,-2,70,133,40,100,289
594,Oct 13 2002,African Nations Cup qualifier in Mali,Mali,Seychelles,1468,999,3,0,3,-3,1471,996,84,189,1,0,85,189,30,0,469
595,Oct 13 2002,African Nations Cup qualifier in Morocco,Morocco,Equatorial Guinea,1642,1019,5,0,1,-1,1643,1018,49,186,0,0,49,186,20,0,623
596,Oct 13 2002,African Nations Cup qualifier in Mozambique,Mozambique,Congo,1282,1353,0,3,-38,38,1244,1391,158,101,-11,10,147,111,40,100,29
597,Oct 13 2002,African Nations Cup qualifier in South Africa,South Africa,Burundi,1680,1357,2,0,5,-5,1685,1352,41,126,0,-3,41,123,40,100,423
598,Oct 13 2002,African Nations Cup qualifier in Swaziland,Swaziland,Libya,1221,1403,2,1,25,-25,1246,1378,138,121,7,-6,145,115,40,100,-82
599,Oct 15 2002,Friendly in Scotland,Scotland,Canada,1688,1645,3,1,9,-9,1697,1636,38,50,1,-1,39,49,20,100,143
600,Oct 16 2002,European Championship qual in Austria,Austria,Netherlands,1708,2019,0,3,-16,16,1692,2035,43,2,-3,0,40,2,40,100,-211
601,Oct 16 2002,European Championship qual in Bulgaria,Bulgaria,Andorra,1753,1075,2,1,0,0,1753,1075,32,179,0,0,32,179,20,0,678
602,Oct 16 2002,Friendly in Costa Rica,Costa Rica,Ecuador,1753,1738,1,1,-3,3,1750,1741,34,35,-1,0,33,35,20,100,115
603,Oct 16 2002,European Championship qual in Czechia,Czechia,Belarus,1871,1557,2,0,5,-5,1876,1552,10,65,2,-1,12,64,40,100,414
604,Oct 16 2002,European Championship qual in England,England,Macedonia,1972,1450,2,2,-19,19,1953,1469,7,81,-1,6,6,87,40,100,622
605,Oct 16 2002,European Championship qual in Estonia,Estonia,Belgium,1428,1777,0,1,-8,8,1420,1785,104,26,-2,1,102,27,40,100,-249
606,Oct 16 2002,European Championship qual in Germany,Germany,Faroe Islands,1953,1253,2,1,0,0,1953,1253,5,142,1,0,6,142,20,0,700
607,Oct 16 2002,European Championship qual in Greece,Greece,Armenia,1656,1424,2,0,8,-8,1664,1416,43,107,2,-3,45,104,40,100,332
608,Oct 16 2002,European Championship qual in Hungary,Hungary,San Marino,1600,949,3,0,1,-1,1601,948,55,191,0,0,55,191,20,0,651
609,Oct 16 2002,European Championship qual in Iceland,Iceland,Lithuania,1549,1391,3,0,13,-13,1562,1378,62,117,1,-3,63,114,40,100,258
610,Oct 16 2002,European Championship qual in Ireland,Ireland,Switzerland,1884,1674,1,2,-34,34,1850,1708,16,32,-2,6,14,38,40,100,310
611,Oct 16 2002,Friendly in Japan,Japan,Jamaica,1829,1535,1,1,-8,8,1821,1543,18,65,-1,1,17,66,20,100,394
612,Oct 16 2002,European Championship qual in Luxembourg,Luxembourg,Romania,1101,1802,0,7,-3,3,1098,1805,175,22,0,0,175,22,40,100,-601
613,Oct 16 2002,European Championship qual in Malta,Malta,France,1247,1969,0,4,-2,2,1245,1971,146,4,-1,1,145,5,30,100,-622
614,Oct 16 2002,European Championship qual in Norway,Norway,Bosnia and Herzegovina,1782,1507,2,0,6,-6,1788,1501,26,76,0,-2,26,74,40,100,375
615,Oct 16 2002,European Championship qual in Northern Ireland,Northern Ireland,Ukraine,1520,1690,0,0,4,-4,1524,1686,69,42,0,-1,69,41,40,100,-70
616,Oct 16 2002,Friendly in Poland,Poland,New Zealand,1706,1585,2,0,7,-7,1713,1578,34,61,2,-1,36,60,20,100,221
617,Oct 16 2002,European Championship qual in Russia,Russia,Albania,1802,1450,4,1,5,-5,1807,1445,18,97,2,-2,20,95,40,100,452
618,Oct 16 2002,Friendly in Spain,Spain,Paraguay,2003,1755,0,0,-8,8,1995,1763,3,29,0,1,3,30,20,100,348
619,Oct 16 2002,Friendly in Sweden,Sweden,Portugal,1827,1917,2,3,-10,10,1817,1927,21,8,-2,0,19,8,20,100,10
620,Oct 16 2002,European Championship qual in Turkey,Turkey,Liechtenstein,1893,1070,5,0,0,0,1893,1070,9,180,1,0,10,180,20,0,823
621,Oct 16 2002,European Championship qual in Wales,Wales,Italy,1635,1909,2,1,29,-29,1664,1880,40,13,5,-2,45,11,40,100,-174
622,Oct 16 2002,European Championship qual in Yugoslavia,Yugoslavia,Finland,1805,1677,2,0,13,-13,1818,1664,16,47,2,-2,18,45,40,100,228
623,Oct 17 2002,Friendly in French Guiana,French Guiana,Suriname,1126,1288,1,1,2,-2,1128,1286,169,136,0,-1,169,135,20,100,-62
624,Oct 19 2002,Friendly in French Guiana,French Guiana,Suriname,1128,1286,0,1,-8,8,1120,1294,169,133,0,1,169,134,20,100,-58
625,Oct 19 2002,Friendly in Sierra Leone,Sierra Leone,Ghana,1340,1519,2,1,12,-12,1352,1507,120,72,3,-1,123,71,20,100,-79
626,Oct 20 2002,Friendly in Venezuela,Venezuela,Ecuador,1577,1741,2,0,18,-18,1595,1723,53,35,4,0,57,35,20,100,-64
627,Oct 23 2002,Friendly tournament in Tanzania,Kenya,South Africa,1454,1685,1,1,9,-9,1463,1676,89,44,1,-1,90,43,30,0,-231
628,Oct 23 2002,Friendly tournament in Tanzania,Tanzania,Uganda,1233,1366,0,2,-20,20,1213,1386,157,108,-4,5,153,113,30,100,-33
629,Oct 26 2002,Friendly tournament in Tanzania,Kenya,Uganda,1463,1386,1,1,-3,3,1460,1389,90,111,0,1,90,112,30,0,77
630,Oct 26 2002,Friendly tournament in Tanzania,Tanzania,South Africa,1213,1676,1,1,12,-12,1225,1664,151,45,1,-1,152,44,30,100,-363
631,Oct 27 2002,Friendly in Antigua and Barbuda,Antigua and Barbuda,Saint Kitts and Nevis,1105,1388,1,1,5,-5,1110,1383,170,113,1,0,171,113,20,100,-183
632,Oct 31 2002,Friendly in Guatemala,Guatemala,Jamaica,1535,1543,1,1,-3,3,1532,1546,68,64,0,1,68,65,20,100,92
633,Nov 3 2002,Friendly in Martinique,Martinique,Saint Kitts and Nevis,1419,1383,2,1,6,-6,1425,1377,97,121,3,-4,100,117,20,100,136
634,Nov 6 2002,Friendly in Saint Lucia,Saint Lucia,Martinique,1252,1425,0,2,-12,12,1240,1437,151,96,-4,2,147,98,20,100,-73
635,Nov 8 2002,Friendly in Saint Lucia,Saint Lucia,Antigua and Barbuda,1240,1110,2,1,4,-4,1244,1106,145,173,1,-1,146,172,20,100,230
636,Nov 9 2002,CONCACAF Champ qual in Grenada,Barbados,Jamaica,1316,1546,1,1,12,-12,1328,1534,126,69,3,-2,129,67,40,0,-230
637,Nov 9 2002,CONCACAF Champ qual in Grenada,Grenada,Guadeloupe,1340,1337,4,5,-26,26,1314,1363,137,114,-5,7,132,121,40,100,103
638,Nov 10 2002,Friendly in Singapore,Singapore,Indonesia,1220,1359,1,1,1,-1,1221,1358,153,124,0,-1,153,123,20,100,-39
639,Nov 11 2002,CONCACAF Champ qual in Grenada,Grenada,Barbados,1314,1328,0,2,-37,37,1277,1365,142,111,-5,9,137,120,40,100,86
640,Nov 11 2002,CONCACAF Champ qual in Grenada,Jamaica,Guadeloupe,1534,1363,2,0,16,-16,1550,1347,63,133,2,-6,65,127,40,0,171
641,Nov 13 2002,CONCACAF Champ qual in Grenada,Grenada,Jamaica,1277,1550,1,4,-19,19,1258,1569,141,61,-2,2,139,63,40,100,-173
642,Nov 13 2002,CONCACAF Champ qual in Grenada,Guadeloupe,Barbados,1347,1365,1,0,21,-21,1368,1344,111,134,8,-7,119,127,40,0,-18
643,Nov 13 2002,CONCACAF Champ qual in Trinidad and Tobago,Saint Kitts and Nevis,Saint Lucia,1377,1244,2,1,13,-13,1390,1231,107,154,5,-4,112,150,40,0,133
644,Nov 15 2002,CONCACAF Champ qual in Trinidad and Tobago,Trinidad and Tobago,Saint Kitts and Nevis,1496,1390,2,0,14,-14,1510,1376,64,122,7,-5,71,117,40,100,206
645,Nov 17 2002,Friendly in the Cayman Islands,Cayman Islands,Nicaragua,1141,895,0,1,-18,18,1123,913,174,190,-6,3,168,193,20,100,346
646,Nov 17 2002,CONCACAF Champ qual in Trinidad and Tobago,Trinidad and Tobago,Saint Lucia,1510,1231,0,1,-36,36,1474,1267,95,126,-12,12,83,138,40,100,379
647,Nov 17 2002,Friendly in the United States,United States,El Salvador,1824,1502,2,0,2,-2,1826,1500,16,75,0,-1,16,74,20,100,422
648,Nov 18 2002,CONCACAF Champ qual in Haiti,Haiti,Antigua and Barbuda,1494,1106,1,0,2,-2,1496,1104,78,172,0,0,78,172,20,0,388
649,Nov 19 2002,Friendly tournament in South Africa,South Africa,Senegal,1664,1780,1,1,1,-1,1665,1779,44,28,0,0,44,28,30,100,-16
650,Nov 20 2002,CONCACAF Champ qual in Haiti,Antigua and Barbuda,Netherlands Antilles,1104,1162,1,1,3,-3,1107,1159,172,159,0,0,172,159,40,0,-58
651,Nov 20 2002,Friendly in Austria,Austria,Norway,1692,1788,0,1,-10,10,1682,1798,44,20,-2,3,42,23,20,100,4
652,Nov 20 2002,European Championship qual in Azerbaijan,Azerbaijan,Wales,1320,1664,0,2,-12,12,1308,1676,133,41,-1,2,132,43,40,100,-244
653,Nov 20 2002,European Championship qual in Cyprus,Cyprus,Malta,1499,1245,2,1,5,-5,1504,1240,68,149,4,-2,72,147,40,100,354
654,Nov 20 2002,Friendly in Czechia,Czechia,Sweden,1876,1817,3,3,-4,4,1872,1821,12,15,0,2,12,17,20,100,159
655,Nov 20 2002,Friendly in Denmark,Denmark,Poland,1906,1713,2,0,5,-5,1911,1708,9,38,0,-1,9,37,20,100,293
656,Nov 20 2002,Friendly in Ecuador,Ecuador,Costa Rica,1723,1750,2,2,-2,2,1721,1752,35,31,0,1,35,32,20,100,73
657,Nov 20 2002,Friendly in Estonia,Estonia,Iceland,1420,1562,2,0,17,-17,1437,1545,93,68,5,-2,98,66,20,100,-42
658,Nov 20 2002,Friendly in France,France,Yugoslavia,1971,1818,3,0,7,-7,1978,1811,5,18,0,0,5,18,20,100,253
659,Nov 20 2002,Friendly in Germany,Germany,Netherlands,1953,2035,1,3,-16,16,1937,2051,8,2,-1,0,7,2,20,100,18
660,Nov 20 2002,Friendly in Greece,Greece,Ireland,1664,1850,0,0,2,-2,1666,1848,45,14,0,0,45,14,20,100,-86
661,Nov 20 2002,Friendly in Honduras,Honduras,Colombia,1759,1872,1,0,10,-10,1769,1862,27,13,2,0,29,13,20,100,-13
662,Nov 20 2002,Friendly in Hungary,Hungary,Moldova,1601,1344,1,1,-8,8,1593,1352,61,121,-3,3,58,124,20,100,357
663,Nov 20 2002,Friendly in Italy,Italy,Turkey,1880,1893,1,1,-2,2,1878,1895,11,10,0,0,11,10,20,100,87
664,Nov 20 2002,Friendly in Japan,Japan,Argentina,1821,1982,0,2,-12,12,1809,1994,21,4,-2,0,19,4,20,100,-61
665,Nov 20 2002,Friendly in Luxembourg,Luxembourg,Cape Verde,1098,1333,0,0,4,-4,1102,1329,173,129,1,0,174,129,20,100,-135
666,Nov 20 2002,Friendly in Macedonia,Macedonia,Israel,1469,1680,2,3,-7,7,1462,1687,91,40,-2,1,89,41,20,100,-111
667,Nov 20 2002,Friendly in Morocco,Morocco,Mali,1643,1471,1,3,-25,25,1618,1496,55,71,-3,7,52,78,20,100,272
668,Nov 20 2002,Friendly in Nigeria,Nigeria,Jamaica,1749,1569,0,0,-7,7,1742,1576,34,63,0,0,34,63,20,100,280
669,Nov 20 2002,Friendly in Portugal,Portugal,Scotland,1927,1697,2,0,4,-4,1931,1693,8,39,0,0,8,39,20,100,330
670,Nov 20 2002,Friendly in Qatar,Qatar,Iraq,1577,1619,2,1,8,-8,1585,1611,58,54,2,0,60,54,20,100,58
671,Nov 20 2002,Friendly in Romania,Romania,Croatia,1805,1790,0,1,-13,13,1792,1803,28,19,-3,3,25,22,20,100,115
672,Nov 20 2002,European Championship qual in San Marino,San Marino,Latvia,948,1465,0,1,-3,3,945,1468,191,86,0,1,191,87,40,100,-417
673,Nov 20 2002,Friendly in Slovakia,Slovakia,Ukraine,1674,1686,1,1,-2,2,1672,1688,45,39,-1,1,44,40,20,100,88
674,Nov 20 2002,Friendly in South Korea,South Korea,Brazil,1771,2052,2,3,-5,5,1766,2057,31,1,-1,0,30,1,20,100,-181
675,Nov 20 2002,Friendly in Spain,Spain,Bulgaria,1995,1753,1,0,2,-2,1997,1751,3,34,0,-1,3,33,20,100,342
676,Nov 20 2002,Friendly in Tunisia,Tunisia,Egypt,1622,1595,0,0,-4,4,1618,1599,51,57,1,0,52,57,20,100,127
677,Nov 20 2002,Friendly in Venezuela,Venezuela,Uruguay,1595,1803,1,0,13,-13,1608,1790,53,29,2,-3,55,26,20,100,-108
678,Nov 22 2002,CONCACAF Champ qual in Haiti,Haiti,Netherlands Antilles,1496,1159,3,0,5,-5,1501,1154,70,159,4,0,74,159,40,100,437
679,Nov 23 2002,Friendly in Qatar,Bahrain,Iraq,1500,1611,2,2,3,-3,1503,1608,70,54,3,0,73,54,20,0,-111
680,Nov 23 2002,Friendly in Italy,Monaco,Vatican,908,700,0,0,-5,5,903,705,195,213,0,0,195,213,20,0,208
681,Nov 25 2002,Friendly in Nigeria,Nigeria,Egypt,1742,1599,1,1,-6,6,1736,1605,34,55,0,1,34,56,20,100,243
682,Nov 27 2002,CONCACAF Champ qual in the Cayman Islands,Cayman Islands,Cuba,1123,1455,0,5,-17,17,1106,1472,176,81,-4,5,172,86,40,100,-232
683,Nov 27 2002,CONCACAF Champ qual in the Cayman Islands,Martinique,Dominican Republic,1437,1134,4,0,11,-11,1448,1123,90,169,4,-2,94,167,40,0,303
684,Nov 27 2002,Friendly in Sri Lanka,Sri Lanka,Vietnam,906,1260,1,2,-4,4,902,1264,196,139,-1,0,195,139,20,100,-254
685,Nov 29 2002,CONCACAF Champ qual in the Cayman Islands,Cayman Islands,Dominican Republic,1106,1123,1,0,15,-15,1121,1108,162,175,5,-4,167,171,40,100,83
686,Nov 29 2002,CONCACAF Champ qual in the Cayman Islands,Cuba,Martinique,1472,1448,2,1,19,-19,1491,1429,74,108,6,-7,80,101,40,0,24
687,Nov 29 2002,Friendly tournament in the United Arab Emirates,Jordan,Malaysia,1443,1257,1,0,8,-8,1451,1249,89,145,4,-2,93,143,30,0,186
688,Nov 29 2002,Friendly in Sri Lanka,Sri Lanka,Vietnam,902,1264,1,1,6,-6,908,1258,193,139,1,0,194,139,20,100,-262
689,Nov 30 2002,Friendly tournament in the United Arab Emirates,Jordan,Singapore,1451,1221,3,1,9,-9,1460,1212,89,153,2,0,91,153,30,0,230
690,Nov 30 2002,CECAFA Cup in Tanzania,Rwanda,Zanzibar,1310,1150,1,0,11,-11,1321,1139,131,161,0,0,131,161,40,0,160
691,Nov 30 2002,CECAFA Cup in Tanzania,Tanzania,Kenya,1225,1460,1,0,27,-27,1252,1433,134,109,9,-9,143,100,40,100,-135
692,Dec 1 2002,CECAFA Cup in Tanzania,Burundi,Eritrea,1352,1137,1,1,-11,11,1341,1148,132,158,-4,3,128,161,30,100,315
693,Dec 1 2002,CONCACAF Champ qual in the Cayman Islands,Cayman Islands,Martinique,1121,1429,0,3,-16,16,1105,1445,175,89,-4,6,171,95,40,100,-208
694,Dec 1 2002,CONCACAF Champ qual in the Cayman Islands,Cuba,Dominican Republic,1491,1108,2,1,4,-4,1495,1104,80,173,0,-1,80,172,40,0,383
695,Dec 1 2002,Friendly in Sri Lanka,Sri Lanka,Vietnam,908,1258,2,2,6,-6,914,1252,192,145,1,-3,193,142,20,100,-250
696,Dec 1 2002,CECAFA Cup in Tanzania,Uganda,Somalia,1389,1062,2,0,8,-8,1397,1054,106,181,3,0,109,181,40,0,327
697,Dec 2 2002,CECAFA Cup in Tanzania,Ethiopia,Zanzibar,1364,1139,0,0,-11,11,1353,1150,125,160,-2,1,123,161,30,100,325
698,Dec 2 2002,CECAFA Cup in Tanzania,Tanzania,Sudan,1252,1412,1,1,3,-3,1255,1409,140,107,1,0,141,107,30,100,-60
699,Dec 3 2002,CECAFA Cup in Tanzania,Burundi,Kenya,1341,1433,1,1,5,-5,1346,1428,126,101,1,0,127,101,40,0,-92
700,Dec 3 2002,CECAFA Cup in Tanzania,Rwanda,Somalia,1321,1054,1,0,7,-7,1328,1047,129,185,1,-2,130,183,40,0,267
701,Dec 4 2002,CECAFA Cup in Tanzania,Eritrea,Sudan,1148,1409,2,1,33,-33,1181,1376,152,125,5,-9,157,116,40,0,-261
702,Dec 4 2002,CECAFA Cup in Tanzania,Uganda,Ethiopia,1397,1353,3,0,31,-31,1428,1322,93,139,8,-8,101,131,40,0,44
703,Dec 5 2002,CECAFA Cup in Tanzania,Tanzania,Burundi,1255,1346,2,0,29,-29,1284,1317,129,136,6,-5,135,131,40,100,9
704,Dec 5 2002,CECAFA Cup in Tanzania,Zanzibar,Somalia,1150,1047,1,0,14,-14,1164,1033,158,185,2,-1,160,184,40,0,103
705,Dec 6 2002,CECAFA Cup in Tanzania,Kenya,Eritrea,1428,1181,4,1,14,-14,1442,1167,93,159,4,-1,97,158,40,0,247
706,Dec 6 2002,CECAFA Cup in Tanzania,Uganda,Rwanda,1428,1328,2,1,14,-14,1442,1314,93,134,4,-3,97,131,40,0,100
707,Dec 7 2002,Friendly tournament in Bahrain,Bahrain,Jordan,1503,1460,0,3,-36,36,1467,1496,105,65,-16,13,89,78,30,100,143
708,Dec 7 2002,Friendly tournament in Bahrain,China,Syria,1600,1409,3,1,11,-11,1611,1398,51,108,3,0,54,108,30,0,191
709,Dec 7 2002,CECAFA Cup in Tanzania,Somalia,Ethiopia,1033,1322,1,0,34,-34,1067,1288,178,137,3,-4,181,133,40,0,-289
710,Dec 7 2002,CECAFA Cup in Tanzania,Sudan,Burundi,1376,1317,2,1,17,-17,1393,1300,106,132,5,-1,111,131,40,0,59
711,Dec 8 2002,CECAFA Cup in Tanzania,Tanzania,Eritrea,1284,1167,1,1,-11,11,1273,1178,139,156,-2,1,137,157,40,100,217
712,Dec 8 2002,Friendly in Thailand,Thailand,Vietnam,1442,1252,2,1,3,-3,1445,1249,95,143,1,0,96,143,20,100,290
713,Dec 8 2002,CECAFA Cup in Tanzania,Uganda,Zanzibar,1442,1164,2,0,10,-10,1452,1154,89,160,4,0,93,160,40,0,278
714,Dec 9 2002,Friendly tournament in Bahrain,Bahrain,Syria,1467,1398,2,3,-22,22,1445,1420,103,102,-7,3,96,105,30,100,169
715,Dec 9 2002,Friendly tournament in Bahrain,China,Jordan,1611,1496,0,0,-5,5,1606,1501,58,70,-2,4,56,74,30,0,115
716,Dec 9 2002,CECAFA Cup in Tanzania,Kenya,Sudan,1442,1393,1,0,17,-17,1459,1376,83,121,8,-5,91,116,40,0,49
717,Dec 9 2002,CECAFA Cup in Tanzania,Rwanda,Ethiopia,1314,1288,1,0,19,-19,1333,1269,125,141,2,-4,127,137,40,0,26
718,Dec 10 2002,Friendly in Chile,Chile,Palestine,1590,1232,3,1,2,-2,1592,1230,59,152,0,-1,59,151,20,100,458
719,Dec 11 2002,Friendly in Malaysia,Malaysia,Cambodia,1249,883,5,0,3,-3,1252,880,143,201,0,-1,143,200,20,100,466
720,Dec 11 2002,Friendly in Singapore,Singapore,Philippines,1212,708,2,0,1,-1,1213,707,153,212,0,0,153,212,20,100,604
721,Dec 11 2002,CECAFA Cup in Tanzania,Tanzania,Rwanda,1273,1333,3,0,31,-31,1304,1302,124,135,6,-4,130,131,30,0,-60
722,Dec 12 2002,Friendly tournament in Bahrain,Bahrain,China,1445,1606,2,2,3,-3,1448,1603,92,58,2,-1,94,57,30,100,-61
723,Dec 12 2002,Friendly tournament in Bahrain,Jordan,Syria,1501,1420,3,0,20,-20,1521,1400,66,111,4,-3,70,108,30,0,81
724,Dec 12 2002,CECAFA Cup in Tanzania,Kenya,Uganda,1459,1452,3,1,29,-29,1488,1423,73,113,9,-10,82,103,40,0,7
725,Dec 13 2002,Friendly in Saudi Arabia,Saudi Arabia,Lebanon,1625,1366,1,1,-8,8,1617,1374,56,116,-3,2,53,118,20,100,359
726,Dec 14 2002,Friendly in Botswana,Botswana,Zambia,1138,1470,1,0,16,-16,1154,1454,157,94,3,-3,160,91,20,100,-232
727,Dec 14 2002,CECAFA Cup in Tanzania,Rwanda,Uganda,1302,1423,2,1,27,-27,1329,1396,123,117,4,-7,127,110,40,0,-121
728,Dec 14 2002,CECAFA Cup in Tanzania,Tanzania,Kenya,1304,1488,2,3,-15,15,1289,1503,136,66,-3,8,133,74,40,100,-84
729,Dec 15 2002,Friendly in Ghana,Ghana,Nigeria,1507,1736,0,1,-6,6,1501,1742,78,34,-3,0,75,34,20,100,-129
730,Dec 15 2002,Southeast Asian Champ in Indonesia,Indonesia,Myanmar,1358,1110,0,0,-15,15,1343,1125,130,165,-4,2,126,167,40,100,348
731,Dec 15 2002,Southeast Asian Champ in Indonesia,Vietnam,Cambodia,1249,880,9,2,10,-10,1259,870,136,204,4,-2,140,202,40,0,369
732,Dec 16 2002,Arab Nations Cup in Kuwait,Jordan,Palestine,1521,1230,1,1,-14,14,1507,1244,72,143,-1,4,71,147,40,0,291
733,Dec 16 2002,Arab Nations Cup in Kuwait,Kuwait,Morocco,1517,1618,1,1,0,0,1517,1618,69,51,1,0,70,51,20,100,-1
734,Dec 16 2002,Friendly in the United Arab Emirates,United Arab Emirates,Egypt,1416,1605,1,2,-7,7,1409,1612,108,52,-2,2,106,54,20,100,-89
735,Dec 17 2002,Southeast Asian Champ in Indonesia,Indonesia,Cambodia,1343,870,4,2,2,-2,1345,868,124,202,1,0,125,202,20,0,473
736,Dec 17 2002,Southeast Asian Champ in Indonesia,Myanmar,Philippines,1125,707,6,1,7,-7,1132,700,165,220,1,-4,166,216,40,0,418
737,Dec 17 2002,Arab Nations Cup in Kuwait,Saudi Arabia,Bahrain,1617,1448,2,1,11,-11,1628,1437,47,102,3,-4,50,98,40,0,169
738,Dec 17 2002,Arab Nations Cup in Kuwait,Syria,Yemen,1400,1212,4,0,19,-19,1419,1193,101,158,3,-2,104,156,40,0,188
739,Dec 18 2002,Arab Nations Cup in Kuwait,Jordan,Morocco,1507,1618,1,1,6,-6,1513,1612,71,54,0,-1,71,53,40,0,-111
740,Dec 18 2002,Arab Nations Cup in Kuwait,Kuwait,Sudan,1517,1376,1,0,8,-8,1525,1368,68,122,1,-3,69,119,40,100,241
741,Dec 18 2002,Southeast Asian Champ in Singapore,Singapore,Malaysia,1213,1252,0,4,-44,44,1169,1296,163,120,-5,12,158,132,40,100,61
742,Dec 18 2002,Southeast Asian Champ in Singapore,Thailand,Laos,1445,889,5,1,3,-3,1448,886,93,198,1,0,94,198,40,0,556
743,Dec 19 2002,Arab Nations Cup in Kuwait,Bahrain,Syria,1437,1419,2,0,28,-28,1465,1391,80,116,9,-6,89,110,40,0,18
744,Dec 19 2002,Southeast Asian Champ in Indonesia,Myanmar,Cambodia,1132,868,5,0,14,-14,1146,854,162,206,2,-2,164,204,40,0,264
745,Dec 19 2002,Arab Nations Cup in Kuwait,Saudi Arabia,Lebanon,1628,1374,1,0,8,-8,1636,1366,48,123,1,-3,49,120,40,0,254
746,Dec 19 2002,Southeast Asian Champ in Indonesia,Vietnam,Philippines,1259,700,4,1,3,-3,1262,697,141,216,0,0,141,216,40,0,559
747,Dec 20 2002,Arab Nations Cup in Kuwait,Jordan,Sudan,1513,1368,2,1,12,-12,1525,1356,67,124,2,-3,69,121,40,0,145
748,Dec 20 2002,Southeast Asian Champ in Singapore,Malaysia,Thailand,1296,1448,3,1,42,-42,1338,1406,122,117,5,-11,127,106,40,0,-152
749,Dec 20 2002,Arab Nations Cup in Kuwait,Morocco,Palestine,1612,1244,3,1,6,-6,1618,1238,51,153,1,-3,52,150,40,0,368
750,Dec 20 2002,Southeast Asian Champ in Singapore,Singapore,Laos,1169,886,2,1,4,-4,1173,882,156,198,1,0,157,198,40,100,383
751,Dec 21 2002,Arab Nations Cup in Kuwait,Bahrain,Yemen,1465,1193,3,1,10,-10,1475,1183,83,155,3,0,86,155,40,0,272
752,Dec 21 2002,Southeast Asian Champ in Indonesia,Cambodia,Philippines,854,697,1,0,12,-12,866,685,200,218,2,-1,202,217,40,0,157
753,Dec 21 2002,Southeast Asian Champ in Indonesia,Indonesia,Vietnam,1345,1262,2,2,-10,10,1335,1272,127,135,-1,3,126,138,40,100,183
754,Dec 21 2002,Arab Nations Cup in Kuwait,Syria,Lebanon,1391,1366,4,1,32,-32,1423,1334,94,135,8,-8,102,127,40,0,25
755,Dec 22 2002,Friendly in Egypt,Egypt,Ghana,1612,1501,0,0,-5,5,1607,1506,58,69,-2,3,56,72,20,100,211
756,Dec 22 2002,Southeast Asian Champ in Singapore,Laos,Malaysia,882,1338,1,1,17,-17,899,1321,196,135,1,-5,197,130,40,0,-456
757,Dec 22 2002,Southeast Asian Champ in Singapore,Singapore,Thailand,1173,1406,1,1,7,-7,1180,1399,155,107,1,0,156,107,40,100,-133
758,Dec 23 2002,Southeast Asian Champ in Indonesia,Indonesia,Philippines,1335,685,13,1,2,-2,1337,683,125,217,0,0,125,217,30,0,650
759,Dec 23 2002,Arab Nations Cup in Kuwait,Kuwait,Jordan,1525,1525,1,2,-26,26,1499,1551,87,61,-9,4,78,65,40,100,100
760,Dec 23 2002,Arab Nations Cup in Kuwait,Palestine,Sudan,1238,1356,2,2,7,-7,1245,1349,142,124,4,-2,146,122,40,0,-118
761,Dec 23 2002,Southeast Asian Champ in Indonesia,Vietnam,Myanmar,1272,1146,4,2,20,-20,1292,1126,130,170,4,-3,134,167,40,0,126
762,Dec 24 2002,Arab Nations Cup in Kuwait,Lebanon,Yemen,1334,1183,4,2,18,-18,1352,1165,114,163,6,-4,120,159,40,0,151
763,Dec 24 2002,Arab Nations Cup in Kuwait,Saudi Arabia,Syria,1636,1423,3,0,16,-16,1652,1407,49,110,0,-4,49,106,40,0,213
764,Dec 25 2002,Arab Nations Cup in Kuwait,Kuwait,Palestine,1499,1245,3,3,-15,15,1484,1260,88,138,-5,4,83,142,40,100,354
765,Dec 25 2002,Arab Nations Cup in Kuwait,Sudan,Morocco,1349,1618,1,0,33,-33,1382,1585,101,66,11,-7,112,59,40,0,-269
766,Dec 26 2002,Arab Nations Cup in Kuwait,Bahrain,Lebanon,1475,1352,0,0,-7,7,1468,1359,90,119,-2,1,88,120,40,0,123
767,Dec 26 2002,Arab Nations Cup in Kuwait,Saudi Arabia,Yemen,1652,1165,2,2,-18,18,1634,1183,51,151,-1,4,50,155,40,0,487
768,Dec 27 2002,Southeast Asian Champ in Indonesia,Indonesia,Malaysia,1337,1321,1,0,14,-14,1351,1307,122,132,2,-1,124,131,30,0,16
769,Dec 27 2002,Friendly tournament in Niger,Niger,Burkina Faso,1323,1414,1,1,0,0,1323,1414,129,106,0,-1,129,105,20,100,9
770,Dec 27 2002,Southeast Asian Champ in Indonesia,Thailand,Vietnam,1399,1292,4,0,26,-26,1425,1266,95,148,6,-7,101,141,40,0,107
771,Dec 28 2002,Arab Nations Cup in Kuwait,Bahrain,Jordan,1468,1551,2,1,25,-25,1493,1526,74,73,7,-4,81,69,40,0,-83
772,Dec 28 2002,Arab Nations Cup in Kuwait,Saudi Arabia,Morocco,1634,1585,2,0,26,-26,1660,1559,46,67,2,-4,48,63,40,0,49
773,Dec 29 2002,Southeast Asian Champ in Indonesia,Indonesia,Thailand,1351,1425,2,2,-1,1,1350,1426,124,101,0,0,124,101,20,100,26
774,Dec 29 2002,Friendly tournament in Niger,Niger,Mali,1323,1496,2,2,3,-3,1326,1493,129,81,0,-1,129,80,30,100,-73
775,Dec 29 2002,Southeast Asian Champ in Indonesia,Vietnam,Malaysia,1266,1307,2,1,22,-22,1288,1285,127,141,7,-5,134,136,40,0,-41
776,Dec 30 2002,Arab Nations Cup in Kuwait,Saudi Arabia,Bahrain,1660,1493,1,0,11,-11,1671,1482,42,88,3,-4,45,84,40,0,167
